变量名,specialDamage,damage,hp,elementalDamageAdd,attrtype,mpAttackRecover,play,shieldPower,finalDamageReduce,finalDamageDeepen,finalDamageSub,finalDamageAdd,damageDodge,damageHit,fairyCure,steelCure,evilCure,dragonCure,ghostCure,rockCure,wormCure,superCure,flyCure,groundCure,poisonCure,combatCure,iceCure,electricityCure,grassCure,waterCure,fireCure,normalCure,damageReduce,damageDeepen,natureRestraint,rebound,suckBlood,hit,dodge,mp2Recover,mp1Recover,hpRecover,initMp1,mp1,ignoreDamageSub,mpBeAttackRecover,elementalDamageSub,elementalDamageReduce,elementalDamageDeepen,specialDamageAdd,physicalDamageAdd,specialDefenceIgnore,defenceIgnore,specialDamageSub,physicalDamageSub,fairyDamageSub,steelDamageSub,evilDamageSub,dragonDamageSub,ghostDamageSub,rockDamageSub,wormDamageSub,superDamageSub,flyDamageSub,groundDamageSub,poisonDamageSub,combatDamageSub,iceDamageSub,electricityDamageSub,grassDamageSub,waterDamageSub,fireDamageSub,normalDamageSub,fairyDamageAdd,steelDamageAdd,evilDamageAdd,dragonDamageAdd,ghostDamageAdd,rockDamageAdd,wormDamageAdd,superDamageAdd,flyDamageAdd,groundDamageAdd,poisonDamageAdd,combatDamageAdd,iceDamageAdd,electricityDamageAdd,grassDamageAdd,waterDamageAdd,fireDamageAdd,normalDamageAdd,damageSub,damageAdd,immuneControl,controlPer,ultimateSub,ultimateAdd,speed,pvpDamageSub,pvpDamageAdd,cure,blockPower,breakBlock,block,strikeResistance,strikeDamage,strike,specialDefence,defence,__version
默认值,0,0,0,0,"""""",0,"""""",0,0,0,0,0,0,0,0,0,0,0,0,0,0,0,0,0,0,0,0,0,0,0,0,0,0,0,0,0,0,0,0,0,0,0,0,0,0,0,0,0,0,0,0,0,0,0,0,0,0,0,0,0,0,0,0,0,0,0,0,0,0,0,0,0,0,0,0,0,0,0,0,0,0,0,0,0,0,0,0,0,0,0,0,0,0,0,0,0,0,0,0,0,0,0,0,0,0,0,0,0,0,
ID,specialDamage,damage,hp,elementalDamageAdd,attrtype,mpAttackRecover,play,shieldPower,finalDamageReduce,finalDamageDeepen,finalDamageSub,finalDamageAdd,damageDodge,damageHit,fairyCure,steelCure,evilCure,dragonCure,ghostCure,rockCure,wormCure,superCure,flyCure,groundCure,poisonCure,combatCure,iceCure,electricityCure,grassCure,waterCure,fireCure,normalCure,damageReduce,damageDeepen,natureRestraint,rebound,suckBlood,hit,dodge,mp2Recover,mp1Recover,hpRecover,initMp1,mp1,ignoreDamageSub,mpBeAttackRecover,elementalDamageSub,elementalDamageReduce,elementalDamageDeepen,specialDamageAdd,physicalDamageAdd,specialDefenceIgnore,defenceIgnore,specialDamageSub,physicalDamageSub,fairyDamageSub,steelDamageSub,evilDamageSub,dragonDamageSub,ghostDamageSub,rockDamageSub,wormDamageSub,superDamageSub,flyDamageSub,groundDamageSub,poisonDamageSub,combatDamageSub,iceDamageSub,electricityDamageSub,grassDamageSub,waterDamageSub,fireDamageSub,normalDamageSub,fairyDamageAdd,steelDamageAdd,evilDamageAdd,dragonDamageAdd,ghostDamageAdd,rockDamageAdd,wormDamageAdd,superDamageAdd,flyDamageAdd,groundDamageAdd,poisonDamageAdd,combatDamageAdd,iceDamageAdd,electricityDamageAdd,grassDamageAdd,waterDamageAdd,fireDamageAdd,normalDamageAdd,damageSub,damageAdd,immuneControl,controlPer,ultimateSub,ultimateAdd,speed,pvpDamageSub,pvpDamageAdd,cure,blockPower,breakBlock,block,strikeResistance,strikeDamage,strike,specialDefence,defence,__version
1,2400,2400,12000,,const,,union_skill,,,,,,,,,,,,,,,,,,,,,,,,,,,,,,,,,,,,,,,,,,,,,,,,,,,,,,,,,,,,,,,,,,,,,,,,,,,,,,,,,,,,,,,,,,,,900,900,1200,1200,1200,1200,1200,1200,1200,1200,1200,
2,0.12,0.12,0.12,,percent,,union_skill,,,,,,,,,,,,,,,,,,,,,,,,,,,,,,,,,,,,,,,,,,,,,,,,,,,,,,,,,,,,,,,,,,,,,,,,,,,,,,,,,,,,,,,,,,,,,,,,,,,,,0.12,0.12,
3,20048,20048,96525,,const,,town_relic,,,,,,,,,,,,,,,,,,,,,,,,,,,,,,,,,,,,,,,,,,,,,,,,,,,,,,,,,,,,,,,,,,,,,,,,,,,,,,,,,,,,,,,,,170,170,150,170,170,,170,,170,170,170,,5693,6683,
4,,,,,percent,,town_relic,,,,,,,,,,,,,,,,,,,,,,,,,,,,,,,,,,,,,,,,,,,,,,,,,,,,,,,,,,,,,,,,,,,,,,,,,,,,,,,,,,,,,,,,,,,,,,,,,,,,,,,
5,7647,7647,25480,,const,,town,,,,,,,,,,,,,,,,,,,,,,,,,,,,,,,,,,,,,,,,,,,,,,,,,,,,,,,,,,,,,,,,,,,,,,,,,,,,,,,,,,,,,,,50,50,150,150,,150,150,,,100,100,150,,150,2545,2545,
6,0.05,0.05,0.065,,percent,,town,,,,,,,,,,,,,,,,,,,,,,,,,,,,,,,,,,,,,,,,,,,,,,,,,,,,,,,,,,,,,,,,,,,,,,,,,,,,,,,,,,,,,,,,,,,,,,,,0.005,,,,,0.045,0.045,
7,500,500,2000,,const,,talent,,,,,,,,,,,,,,,,,,,,,,,,,,,,,,,,,,,,,,,,,,,,,,,,,1500,1500,1500,1500,1500,1500,1500,1500,1500,1500,1500,1500,1500,1500,1500,1500,1500,1500,1500,1500,1500,1500,1500,1500,1500,1500,1500,1500,1500,1500,1500,1500,1500,1500,1500,1500,500,500,,,,,100,,,,,,,500,,500,280,280,
8,0.15,0.05,0.125,,percent,,talent,,,,,,,,,,,,,,,,,,,,,,,,,,,,,,,,,,,,,,,,,,,,,,,,,,,,,,,,,,,,,,,,,,,,,,,,,,,,,,,,,,,,,,,,,,,0.05,,,,,,,,,,0.05,0.05,
9,,,,,const,,pokedex_develop,,,,,,,,,,,,,,,,,,,,,,,,,,,,,,,,,,,,,,,,,,,,,,,,,,,,,,,,,,,,,,,,,,,,,,,,,,,,,,,,,,,,,,,,,,,,,,,,,,,,,,,
10,2.1181,2.5836,1.2358,,percent,,pokedex_develop,,,,,,,,,,,,,,,,,,,,,,,,,,,,,,,,,,,,,,,,,,,,,,,,,,,,,,,,,,,,,,,,,,,,,,,,,,,,,,,,,,,,,,,,,,,1.0872,,,,,,,,,,1.2801,1.4806,
11,,,350,,const,,pokedex_advance,,,,,,,,,,,,,,,,,,,,,,,,,,,,,,,,,,,,,,,,,,,,,,,300,300,,,,,,,,,,,,,,,,,,,700,700,700,700,700,600,600,500,600,600,700,700,700,600,500,800,700,600,,,,,,,,,,,,,,900,,,750,1020,
12,,,,,percent,,pokedex_advance,,,,,,,,,,,,,,,,,,,,,,,,,,,,,,,,,,,,,,,,,,,,,,,,,,,,,,,,,,,,,,,,,,,,,,,,,,,,,,,,,,,,,,,,,,,,,,,,,,,,,,,
13,,,,,const,,pokedex,,,,,,,,,,,,,,,,,,,,,,,,,,,,,,,,,,,,,,,,,,,,,,,,,,,,,,,,,,,,,,,,,,,,,,,,,,,,,,,,,,,,,,,,,,,,,,,,,,,,,,,
14,0.5174,0.596,0.3197,,percent,,pokedex,,,,,,,,,,,,,,,,,,,,,,,,,,,,,,,,,,,,,,,,,,,,,,,,,,,,,,,,,,,,,,,,,,,,,,,,,,,,,,,,,,,,,,,,,,,0.2669,,,,,,,,,,0.3129,0.3659,
15,35529.869,35529.869,129086.588,,const,,meteorite,,,,,,,,,,,,,,,,,,,,,,,,,,,,,,,,,,,,,,,,,,,,,,,,,,,,,,,,,,,,,,,,,,,,,,,,,,,,,,,,,,,,,,,,,,,,,,,,,,,,,13620.232,13620.232,
16,,,,,percent,,meteorite,,,,,,,,,,,,,,,,,,,,,,,,,,,,,,,,,,,,,,,,,,,,,,,,,,,,,,,,,,,,,,,,,,,,,,,,,,,,,,,,,,,,,,,,,,,,,,,,,,,,,,,
17,9240,9240,27040,,const,,medal,,,,,,,,,,,,,,,,,,,,,,,,,,,,,,,,,,,,,,,,,,,,,,,,,,,,,,,,,,,,,,,,,,,,,,,,,,,,,,,,,,,,,,,,,,,,,,,,,,,,,4680,4680,
18,,,,,percent,,medal,,,,,,,,,,,,,,,,,,,,,,,,,,,,,,,,,,,,,,,,,,,,,,,,,,,,,,,,,,,,,,,,,,,,,,,,,,,,,,,,,,,,,,,,,,,,,,,,,,,,,,,
19,11250,11250,33750,,const,,fishingLevel,,,,,,,,,,,,,,,,,,,,,,,,,,,,,,,,,,,,,,,,,,,,,,,,,,,,,,,,,,,,,,,,,,,,,,,,,,,,,,,,,,,,,500,500,,,,,,,,,,,,,,,3280,3280,
20,,,,,percent,,fishingLevel,,,,,,,,,,,,,,,,,,,,,,,,,,,,,,,,,,,,,,,,,,,,,,,,,,,,,,,,,,,,,,,,,,,,,,,,,,,,,,,,,,,,,,,,,,,,,,,,,,,,,,,
21,,,,,const,,fetters,,,,,,,,,,,,,,,,,,,,,,,,,,,,,,,,,,,,,,,,,,,,,,,,,,,,,,,,,,,,,,,,,,,,,,,,,,,,,,,,,,,,,,,,,,,,,,,,,,,,750,,,
22,0.3,0.3,0.2,,percent,,fetters,,,,,,,,,,,,,,,,,,,,,,,,,,,,,,,,,,,,,,,,,,,,,,,,,,,,,,,,,,,,,,,,,,,,,,,,,,,,,,,,,,,,,,,,,,,,,,,,,,,,,,,
23,,,,,const,,feel_effect,,,,,,,,,,,,,,,,,,,,,,,,,,,,,,,,,,,,,,,,,,,,,300,300,,,,,,,,,,,,,,,,,,,,,,,,,,,,,,,,,,,,,,,300,300,,,,500,,,,,300,,300,,300,300,,,
24,2.256,2.256,2.2,,percent,,feel_effect,,,,,,,,,,,,,,,,,,,,,,,,,,,,,,,,,,,,,,,,,,,,,,,,,,,,,,,,,,,,,,,,,,,,,,,,,,,,,,,,,,,,,,,,,,,0.215,,,,,,,,,,2.144,2.144,
25,12825,12825,42750,,const,,feel,,,,,,,,,,,,,,,,,,,,,,,,,,,,,,,,,,,,,,,,,,,,,,,,,,,,,,,,,,,,,,,,,,,,,,,,,,,,,,,,,,,,,,,,,,,1425,,,,,,,,,,4275,4275,
26,,,,,percent,,feel,,,,,,,,,,,,,,,,,,,,,,,,,,,,,,,,,,,,,,,,,,,,,,,,,,,,,,,,,,,,,,,,,,,,,,,,,,,,,,,,,,,,,,,,,,,,,,,,,,,,,,,
27,,,,,const,,explorer_effect,,,,,,,,,,,,,,,,,,,,,,,,,,,,,,,,,,,,,,,,,,,2000,2000,300,300,300,300,,,,,,,,,,,,,,,,,,,,,,,,,,,,,,,,,,,,,2200,500,,,500,500,,500,500,500,300,,300,800,500,800,,,
28,0.69,0.69,0.69,,percent,,explorer_effect,,,,,,,,,,,,,,,,,,,,,,,,,,,,,,,,,,,,,,,,,,,,,,,,,,,,,,,,,,,,,,,,,,,,,,,,,,,,,,,,,,,,,,,,,,,0.55,,,,,,,,,,0.55,0.55,
29,24495,24495,81648,,const,,explorer_core_tech,,,,,,,,,,,,,,,,,,,,,,,,,,,,,,,,,,,,,,,,,,,300,300,500,500,300,300,,,,,,,,,,,,,,,,,,,,,,,,,,,,,,,,,,,,,,,,,,,2040,,,,,,500,,300,300,8167,8167,
30,0.05,0.05,0.05,,percent,,explorer_core_tech,,,,,,,,,,,,,,,,,,,,,,,,,,,,,,,,,,,,,,,,,,,,,,,,,,,,,,,,,,,,,,,,,,,,,,,,,,,,,,,,,,,,,,,,,,,,,,,,,,,,,0.05,0.05,
31,99587.19,81067.935,269409.81,,const,,explorer_component,,,,,,,,,,,,,,,,,,,,,,,,,,,,,,,,,,,,,,,,,,,,,,,,,,,,,,,,,,,,,,,,,,,,,,,,,,,,,,,,,,,,,,,,,,,2087.14,,,,,,,,,,24804.12,27893.74,
32,,,,,percent,,explorer_component,,,,,,,,,,,,,,,,,,,,,,,,,,,,,,,,,,,,,,,,,,,,,,,,,,,,,,,,,,,,,,,,,,,,,,,,,,,,,,,,,,,,,,,,,,,,,,,,,,,,,,,
33,,,,,const,,equip_signet_advance,,,,,,,,,,,,,,,,,,,,,,,,,,,,,,,,,,,,,,,,,,,,,,,,,,,,,,,,,,,,,,,,,,,,,,,,,,,,,,,,,,,,,,,,,,,,,,,,,,,,,,,
34,,,,,percent,,equip_signet_advance,,,,,,,,,,,,,,,,,,,,,,,,,,,,,,,,,,,,,,,,,,,,,,,,,,,,,,,,,,,,,,,,,,,,,,,,,,,,,,,,,,,,,,,,,,,,,,,,,,,,,,,
35,,,,,const,,effort_advance,,,,,,,,,,,,,,,,,,,,,,,,,,,,,,,,,,,,,,,,,,,,,,,,,,,,,,,,,,,,,,,,,,,,,,,,,,,,,,,,,,,,,,,,,,,,,,,,,,,,,,,
36,0.26,0.26,0.26,,percent,,effort_advance,,,,,,,,,,,,,,,,,,,,,,,,,,,,,,,,,,,,,,,,,,,,,,,,,,,,,,,,,,,,,,,,,,,,,,,,,,,,,,,,,,,,,,,,,,,0.26,,,,,,,,,,0.26,0.26,
37,35204,35204,164450,,const,,effort,,,,,,,,,,,,,,,,,,,,,,,,,,,,,,,,,,,,,,,,,,,,,,,,,,,,,,,,,,,,,,,,,,,,,,,,,,,,,,,,,,,,,,,,,,,4046,,,,,,,,,,14041,14041,
38,11475,11475,33750,,const,,ability_extra,,,,,,,,,,,,,,,,,,,,,,,,,,,,,,,,,,,,,,,,,,,,,,,,,,,,,,,,,,,,,,,,,,,,,,,,,,,,,,,,,,,,,,,,,,,,,,,,,,,,,4050,4050,
39,,,,,percent,,ability_extra,,,,,,,,,,,,,,,,,,,,,,,,,,,,,,,,,,,,,,,,,,,,,,,,,,,,,,,,,,,,,,,,,,,,,,,,,,,,,,,,,,,,,,,,,,,,,,,,,,,,,,,
40,3400,3400,22000,,const,,ability,,,,,,,,,,,,,,,,,,,,,,,,,,,,,,,,,,,,,,,,,,,,,,,,,,,,,,,,,,,,,,,,,,,,,,,,,,,,,,,,,,,,,,,,,,,,,,,,,,,500,500,1200,1200,
41,,,,,percent,,ability,,,,,,,,,,,,,,,,,,,,,,,,,,,,,,,,,,,,,,,,,,,,,,,,,,,,,,,,,,,,,,,,,,,,,,,,,,,,,,,,,,,,,,,,,,,,,,,,,,,,,,,
42,,,,,const,,arms,,,,,,,,,,,,,,,,,,,,,,,,,,,,,,,,,,,,,,,,,,,,,,,,,,,,,,,,,,,,,,,,,,,,,,,,,,,,,,,,,,,,,,,,,,,,,,,,,,,,,,,
43,0.02,0.02,0.02,,percent,,arms,,,,,,,,,,,,,,,,,,,,,,,,,,,,,,,,,,,,,,,,,,,,,,,,,,,,,,,,,,,,,,,,,,,,,,,,,,,,,,,,,,,,,,,,,,,0.01,,,,,,,,,,0.03,0.03,
