变量名,huodongID,rank,award,fightPointLeast
默认值,0,0,{},1000
ID,活动版本,排名,排行奖励,战力限制
1,1001,1,{card={id=7161};2467=1;2146=1;521=888;30460=1;rmb=4000000;500=888},80000
2,1001,2,{card={id=7161};2146=1;521=588;30460=1;rmb=3000000;500=588},80000
3,1001,3,{card={id=7161};2146=1;521=400;30460=1;rmb=2000000;500=500},80000
4,1001,4,{card={id=7161};2146=1;521=350;rmb=1000000;500=400},80000
5,1001,5,{card={id=7161};2146=1;521=300;rmb=800000;500=300},80000
6,1001,6,{16=8000;521=250;452=4000;rmb=600000;500=300},80000
7,1001,7,{16=6000;521=200;452=3000;rmb=400000;500=200},80000
8,1001,8,{16=5000;521=150;452=2000;rmb=300000;500=100},80000
9,1001,9,{16=4000;521=100;451=2000;rmb=200000;500=100},80000
10,1001,10,{16=2000;521=50;451=1000;rmb=100000;500=50},80000