变量名,passiveSkill,attrNatureType3,attrNatureType1,pointType,attrNum3,attrType3,extraWeight,name,limit,group,attrNum2,attrType2,attrNum1,attrType1,pointValue,buffColor,iconBg,unlockConditionDesc,icon,weight,belongLib,desc,condition,supplyNum,supplyTarget,supplyType,buffType,descNew,nameNew,logo,changeLib,effectTimes,unlockCondition,skillgroup,selfExtraWeight,__version,buffsGroup1,buffsGroup2,strategyGroup
默认值,0,0,0,0,"""""",0,0,"""""",99,1,"""""",0,"""""",0,0,"""""","""""","""""","""""",999,0,"""""",0,0,0,0,1,"""""","""""","""""",0,0,{},{},{},,0,0,0
ID,被动技能ID,属性3类型,属性1类型,积分类型,属性3数值,属性3类型值,额外权重,buff名称,出现次数限制,流派分组,属性2数值,属性2类型,属性1数值,属性1类型,积分值,buff颜色,图标背景,解锁条件描述,图标,抽选权重,所属库,描述,条件,效果数值,效果目标,效果类型,buff类型,新版描述,新版名称,流派logo,变更库,效果次数,解锁条件,技能组,自身额外权重,__version,buffsGroup1,buffsGroup2,strategyGroup
1,,,,,,,,双攻I,,,5%,7,5%,8,,effect,city/adventure/random_tower/icon/box_red.png,,city/adventure/random_tower/icon/icon_gj.png,150,,我方精灵物攻和特攻+5%,,,,,,,,,,,,,,,1001,,11
2,,,,,,,,双攻Ⅱ,3,2,10%,7,10%,8,,effect,city/adventure/random_tower/icon/box_red.png,,city/adventure/random_tower/icon/icon_gj.png,150,,我方精灵物攻和特攻+10%,,,,,,,,,,,,,,,1001,,11
3,,,,,,,,双攻Ⅲ,2,3,15%,7,15%,8,,effect,city/adventure/random_tower/icon/box_red.png,,city/adventure/random_tower/icon/icon_gj.png,150,,我方精灵物攻和特攻+15%,,,,,,,,,,,,,,,1001,,11
4,,,,,,,,双防I,,,10%,9,10%,10,,effect,city/adventure/random_tower/icon/box_blue.png,,city/adventure/random_tower/icon/icon_fy.png,200,,我方精灵物理和特殊防御力+10%,,,,,,,,,,,,,,,,,11
5,,,,,,,,双防Ⅱ,3,2,20%,9,20%,10,,effect,city/adventure/random_tower/icon/box_blue.png,,city/adventure/random_tower/icon/icon_fy.png,200,,我方精灵物理和特殊防御力+20%,,,,,,,,,,,,,,,,,11
6,,,,,,,,双防Ⅲ,2,3,30%,9,30%,10,,effect,city/adventure/random_tower/icon/box_blue.png,,city/adventure/random_tower/icon/icon_fy.png,200,,我方精灵物理和特殊防御力+30%,,,,,,,,,,,,,,,,,11
7,,,,,,,,暴击I,,,,,500,14,,effect,city/adventure/random_tower/icon/box_yellow.png,,city/develop/talent/icon_bj.png,100,,我方精灵暴击率+5%,,,,,,,,,,,,,,,1001,,11
8,,,,,,,,暴击Ⅱ,3,2,,,1000,14,,effect,city/adventure/random_tower/icon/box_yellow.png,,city/develop/talent/icon_bj.png,120,,我方精灵暴击率+10%,,,,,,,,,,,,,,,1001,,11
9,,,,,,,,暴击Ⅲ,1,3,,,1500,14,,effect,city/adventure/random_tower/icon/box_yellow.png,,city/develop/talent/icon_bj.png,150,,我方精灵暴击率+15%,,,,,,,,,,,,,,,1001,,11
10,,,,,,,,暴击伤害I,,,,,1000,15,,effect,city/adventure/random_tower/icon/box_orange.png,,city/develop/talent/icon_bj.png,50,,我方精灵暴击伤害+10%,,,,,,,,,,,,,,,1001,,11
11,,,,,,,,暴击伤害Ⅱ,3,2,,,1500,15,,effect,city/adventure/random_tower/icon/box_orange.png,,city/develop/talent/icon_bj.png,50,,我方精灵暴击伤害+15%,,,,,,,,,,,,,,,1001,,11
12,,,,,,,,暴击伤害Ⅲ,1,3,,,2000,15,,effect,city/adventure/random_tower/icon/box_orange.png,,city/develop/talent/icon_bj.png,50,,我方精灵暴击伤害+20%,,,,,,,,,,,,,,,1001,,11
13,,,,,,,,伤害减免I,,,,,500,23,,effect,city/adventure/random_tower/icon/box_yellow.png,,city/develop/talent/icon_shjm.png,100,,我方精灵伤害减免+5%,,,,,,,,,,,,,,,,,11
14,,,,,,,,伤害减免Ⅱ,3,2,,,1000,23,,effect,city/adventure/random_tower/icon/box_yellow.png,,city/develop/talent/icon_shjm.png,100,,我方精灵伤害减免+10%,,,,,,,,,,,,,,,,,11
15,,,,,,,,伤害减免Ⅲ,1,3,,,1500,23,,effect,city/adventure/random_tower/icon/box_yellow.png,,city/develop/talent/icon_shjm.png,50,,我方精灵伤害减免+15%,,,,,,,,,,,,,,,,,11
16,,,,,,,,吸血I,,,,,400,26,,effect,city/adventure/random_tower/icon/box_pink.png,,city/adventure/random_tower/icon/icon_xx.png,50,,我方精灵吸血+4%,,,,,,,,,,,,,,,1001,,11
17,,,,,,,,吸血Ⅱ,,2,,,800,26,,effect,city/adventure/random_tower/icon/box_pink.png,,city/adventure/random_tower/icon/icon_xx.png,40,,我方精灵吸血+8%,,,,,,,,,,,,,,,1001,,11
18,,,,,,,,吸血Ⅲ,,3,,,1000,26,,effect,city/adventure/random_tower/icon/box_pink.png,,city/adventure/random_tower/icon/icon_xx.png,30,,我方精灵吸血+10%,,,,,,,,,,,,,,,1001,,11
19,,,,,,,,抵御I,,,,,1000,17,,effect,city/adventure/random_tower/icon/box_blue.png,,city/adventure/random_tower/icon/icon_fy.png,50,,我方精灵抵御+10%,,,,,,,,,,,,,,,,,11
20,,,,,,,,抵御Ⅱ,,2,,,1500,17,,effect,city/adventure/random_tower/icon/box_blue.png,,city/adventure/random_tower/icon/icon_fy.png,50,,我方精灵抵御+15%,,,,,,,,,,,,,,,,,11
21,,,,,,,,抵御Ⅲ,,3,,,2000,17,,effect,city/adventure/random_tower/icon/box_blue.png,,city/adventure/random_tower/icon/icon_fy.png,50,,我方精灵抵御+20%,,,,,,,,,,,,,,,,,11
101,,,,,,,,补给-单体回血I,,4,,,,,,,city/adventure/random_tower/icon/box_pink.png,,city/adventure/random_tower/icon/icon_hx.png,20,,回复一只精灵25%生命值,1,25,1,1,2,,,,,,,,,,,,21
102,,,,,,,,补给-单体回血II,,5,,,,,,,city/adventure/random_tower/icon/box_pink.png,,city/adventure/random_tower/icon/icon_hx.png,50,,回复一只精灵50%生命值,1,50,1,1,2,,,,,,,,,,,,21
103,,,,,,,,补给-单体回血Ⅲ,,5,,,,,,,city/adventure/random_tower/icon/box_pink.png,,city/adventure/random_tower/icon/icon_hx.png,10,,回复一只精灵100%生命值,1,100,1,1,2,,,,,,,,,,,,21
104,,,,,,,,补给-全体回血,,6,,,,,,,city/adventure/random_tower/icon/box_pink.png,,city/adventure/random_tower/icon/icon_hx.png,10,,上阵精灵血量全回复,1,100,2,1,2,,,,,,,,,,,,21
105,,,,,,,,补给-单体回怒I,,4,,,,,,,city/adventure/random_tower/icon/box_yellow.png,,city/adventure/random_tower/icon/icon_hn.png,20,,回复一只精灵200怒气值,2,25,1,2,2,,,,,,,,,,,,21
106,,,,,,,,补给-单体回怒II,,5,,,,,,,city/adventure/random_tower/icon/box_yellow.png,,city/adventure/random_tower/icon/icon_hn.png,50,,回复一只精灵500怒气值,2,50,1,2,2,,,,,,,,,,,,21
107,,,,,,,,补给-单体回怒Ⅲ,,5,,,,,,,city/adventure/random_tower/icon/box_yellow.png,,city/adventure/random_tower/icon/icon_hn.png,10,,回复一只精灵1000怒气值,2,100,1,2,2,,,,,,,,,,,,21
108,,,,,,,,补给-全体回怒,,6,,,,,,,city/adventure/random_tower/icon/box_yellow.png,,city/adventure/random_tower/icon/icon_hn.png,20,,上阵精灵怒气全回复,2,100,2,2,2,,,,,,,,,,,,21
109,,,,,,,,补给-复活,,4,,,,,,,city/adventure/random_tower/icon/box_yellow.png,,city/adventure/random_tower/icon/icon_fh.png,20,,复活一只精灵,3,,1,3,2,,,,,,,,,,,,21
110,,,,,,,,补给-复活,,5,,,,,,,city/adventure/random_tower/icon/box_yellow.png,,city/adventure/random_tower/icon/icon_fh.png,20,,复活一只精灵,3,,1,3,2,,,,,,,,,,,,21
111,,,,,,,,补给-复活,,6,,,,,,,city/adventure/random_tower/icon/box_yellow.png,,city/adventure/random_tower/icon/icon_fh.png,10,,复活一只精灵,3,,1,3,2,,,,,,,,,,,,21
151,,,,1,,,,,,99,,,,,2,effect_huang,city/adventure/random_tower/icon/box_yellow.png,,city/adventure/random_tower/icon_jf.png,,,战斗结束时可以额外获得剩余回合数*2的积分,,,,,3,,,,,,,,,,,,
152,,,,2,,,,,,99,,,,,1,effect_huang,city/adventure/random_tower/icon/box_yellow.png,,city/adventure/random_tower/icon_jf.png,,,战斗结束时可以额外获得存活精灵数*1的积分,,,,,3,,,,,,,,,,,,
153,,,,2,,,,,,99,,,,,2,effect_huang,city/adventure/random_tower/icon/box_yellow.png,,city/adventure/random_tower/icon_jf.png,,,战斗结束时可以额外获得存活精灵数*2的积分,,,,,3,,,,,,,,,,,,
154,,,,3,,,,,,99,,,,,2,effect_huang,city/adventure/random_tower/icon/box_yellow.png,,city/adventure/random_tower/icon_jf.png,,,战斗结束时可以额外获得当前层数*2的积分,,,,,3,,,,,,,,,,,,
200,,,,,,,,,,1111,,,,,,,,,,,,当前生命值减少10%,,10,2,4,2,,,,,,,,,,,,
201,,,,,,,,,,1111,,,,,,,,,,,,当前生命值减少20%,,20,2,4,2,,,,,,,,,,,,
202,,,,,,,,,,1111,,,,,,,,,,,,当前生命值减少30%,,30,2,4,2,,,,,,,,,,,,
203,,,,,,,,,,1111,,,,,,,,,,,,当前怒气值减少200,,20,2,5,2,,,,,,,,,,,,
204,,,,,,,,,,1111,,,,,,,,,,,,当前怒气值减少500,,50,2,5,2,,,,,,,,,,,,
205,,,,,,,,,,1111,,,,,,,,,,,,当前怒气值减少1000,,100,2,5,2,,,,,,,,,,,,
206,,,,,,,,,,1111,,,,,,,,,,,,当前怒气值增加500,,50,2,2,2,,,,,,,,,,,,
207,,,,,,,,,,1111,,,-20%,13,,effect_lan,,,,,,我方精灵速度-20%,,,,,,,,,,,,,,,,,
208,,,,,,,,,,1111,,,-40%,13,,effect_lan,,,,,,我方精灵速度-40%,,,,,,,,,,,,,,,,,
210,,,,,,,,,,1111,,,,,,,,,,,,上阵精灵血量全回复,,100,2,1,2,,,,,,,,,,,,
211,,,,,,,,,,1111,,,,,,,,,,,,上阵精灵怒气全回复,,100,2,2,2,,,,,,,,,,,,
212,,,,,,,,,,1111,,,-5%,7,,effect,,,,,,我方精灵物攻-5%,,,,,,,,,,,,,,,,,
213,,,,,,,,,,1111,,,-5%,8,,effect,,,city/adventure/random_tower/icon/icon_tg.png,,,我方精灵特攻-5%,,,,,,,,,,,,,,,,,
214,,,,,,,,,,1111,,,,,,,,,,,,上阵精灵血量回复20%,,20,2,1,2,,,,,,,,,,,,
215,,,,,,,,,,1111,,,,,,,,,,,,上阵精灵怒气增加200,,20,2,2,2,,,,,,,,,,,,
301,80052,,,,,,,,,1000,,,,,,effect,city/adventure/random_tower/icon/box_green.png,,city/adventure/random_tower/icon/icon_kz.png,,,下一次战斗开始时，沉默所有敌人一回合,,,,,4,,噤敌封喉,,,1,,,,,,,
1001,82001,,,,,,,强袭·赐福迭加,1,101,,,,,,effect,,,city/adventure/random_tower/icon/icon_gj.png,100,,每拥有一个强袭的祝福，精灵造成的普攻伤害提升6%，该效果最多可叠加6层,,,,,4,,,city/adventure/random_tower/hell/lp_icon/logo_lp_10.png,,,,,{101=30},,1002,101,11
1002,82002,,,,,,,强袭·破晓之击,1,101,,,,,,effect,,,city/adventure/random_tower/icon/icon_gj.png,100,,精灵造成的普攻伤害提升15%,,,,,4,,,city/adventure/random_tower/hell/lp_icon/logo_lp_10.png,,,,,{101=30},,1002,101,11
1003,82003,,,,,,,强袭·裂空暴击,1,101,,,,,,effect,,,city/develop/talent/icon_bj.png,100,,精灵释放普攻时暴击率提升10%2回合,,,,,4,,,city/adventure/random_tower/hell/lp_icon/logo_lp_10.png,,,,,{101=30},,1002,101,11
1004,82004,,,,,,,强袭·余晖暴伤,1,101,,,,,,effect,,,city/develop/talent/icon_bj.png,100,,精灵释放普攻后暴击伤害提升15%2回合,,,,,4,,,city/adventure/random_tower/hell/lp_icon/logo_lp_10.png,,,,,{101=30},,1002,101,11
1005,82005,,,,,,,强袭·风驰攻击,1,101,,,,,,effect,,,city/adventure/random_tower/icon/icon_gj.png,100,,精灵释放普攻双攻提升10%2回合,,,,,4,,,city/adventure/random_tower/hell/lp_icon/logo_lp_10.png,,,,,{101=30},,1002,101,11
1006,82006,,,,,,,强袭·坚岩防御,1,101,,,,,,effect,,,city/adventure/random_tower/icon/icon_fy.png,10,,精灵释放普攻双防提升20%2回合,,,,,4,,,city/adventure/random_tower/hell/lp_icon/logo_lp_10.png,,,,,{101=20},,1002,101,11
1007,82007,,,,,,,强袭·连珠伤害,1,101,,,,,,effect,,,city/adventure/random_tower/icon/icon_gj1.png,10,,单个大回合内每次普攻伤害递增10%（可叠加3层）,,,,,4,,,city/adventure/random_tower/hell/lp_icon/logo_lp_10.png,,,,,{101=20},,1002,101,11
1008,82008,,,,,,,强袭·蓄势破空,1,101,,,,,,effect,,,city/adventure/random_tower/icon/icon_gj1.png,10,,精灵本回合内未释放主动普攻技能，则下次普攻伤害提升16%（最多可叠加2层）,,,,,4,,,city/adventure/random_tower/hell/lp_icon/logo_lp_10.png,,,,,{101=5},,1002,101,11
1009,82009,,,,,,,强袭·灵波溅射,1,101,,,,,,effect,,,city/adventure/random_tower/icon/icon_fs.png,1,,普攻造成的伤害对随机相邻单体，造成等同于原伤害40%的伤害,,,,,4,,,city/adventure/random_tower/hell/lp_icon/logo_lp_10.png,,,,,{101=5},,1002,101,11
1010,82010,,,,,,,强袭·生命守护,1,101,,,,,,effect,,,city/adventure/random_tower/icon/icon_fy.png,1,,每次使用普攻获得10%最大生命的护盾（一个大回合内最多触发3次）,,,,,4,,,city/adventure/random_tower/hell/lp_icon/logo_lp_10.png,,,,,{101=5},,1002,101,11
1021,82016,,,,,,,强袭·生命回流,1,101,,,,,,effect,,,city/adventure/random_tower/icon/icon_xx.png,0,,释放普攻时，有50%概率回复本次普攻30%的生命值的血量,,,,,4,,,city/adventure/random_tower/hell/lp_icon/logo_lp_10.png,,,,,{101=1},,1002,101,11
1022,82017,,,,,,,强袭·必杀追击,1,101,,,,,,effect,,,city/adventure/random_tower/icon/icon_yybm1.png,0,,精灵释放必杀技后额外触发【追击Ⅰ】,,,,,4,,,city/adventure/random_tower/hell/lp_icon/logo_lp_10.png,,,,,{101=1},,1002,101,11
1031,82021,,,,,,,强袭·连环攻势,1,103,,,,,,effect,,通过获得3个【强袭】流派祝福解锁,city/adventure/random_tower/icon/icon_yybm1.png,,,精灵每次主动攻击后可触发一次【连击Ⅰ】,,,,,4,,,city/adventure/random_tower/hell/lp_icon/logo_lp_10.png,,,{101=3},,,,1002,101,11
1032,82022,,,,,,,强袭·追击连锁,1,103,,,,,,effect,,通过获得5个【强袭】流派祝福解锁,city/adventure/random_tower/icon/icon_yybm1.png,,,精灵每次主动攻击后，有50%几率额外再触发1次【追击Ⅰ】,,,,,4,,,city/adventure/random_tower/hell/lp_icon/logo_lp_10.png,,,{101=5},,,,1002,101,11
1033,82023,,,,,,,强袭·斩草除根,1,103,,,,,,effect,,通过获得8个【强袭】流派祝福解锁,city/adventure/random_tower/icon/icon_js2.png,,,若击杀单位时可额外对随机目标触发【追击Ⅰ】,,,,,4,,,city/adventure/random_tower/hell/lp_icon/logo_lp_10.png,,,{101=8},,,,1002,101,11
1111,82101,,,,,,,无双·神赐之福,1,111,,,,,,effect,,,city/adventure/random_tower/icon/icon_pl.png,100,,每拥有一个无双的祝福，暴击伤害提升6%，最多可叠加6层,,,,,4,,,city/adventure/random_tower/hell/lp_icon/logo_lp_5.png,,,,,{111=30},,1002,111,11
1112,82102,,,,,,,无双·雷霆之怒,1,111,,,,,,effect,,,city/develop/talent/icon_bj.png,100,,精灵暴击率提升12%,,,,,4,,,city/adventure/random_tower/hell/lp_icon/logo_lp_5.png,,,,,{111=30},,1002,111,11
1113,82103,,,,,,,无双·破天之击,1,111,,,,,,effect,,,city/develop/talent/icon_bj.png,100,,精灵暴击伤害提升18%,,,,,4,,,city/adventure/random_tower/hell/lp_icon/logo_lp_5.png,,,,,{111=30},,1002,111,11
1114,82104,,,,,,,无双·暗影潜行,1,111,,,,,,effect,,,city/develop/talent/icon_bjsh.png,100,,精灵攻击未暴击则暴击率提升8%，最多可叠加3层，暴击后重置,,,,,4,,,city/adventure/random_tower/hell/lp_icon/logo_lp_5.png,,,,,{111=30},,1002,111,11
1115,82105,,,,,,,无双·暴风骤雨,1,111,,,,,,effect,,,city/develop/talent/icon_bjsh.png,100,,精灵攻击暴击时则暴击伤害提升15%2回合，最高可叠加3层,,,,,4,,,city/adventure/random_tower/hell/lp_icon/logo_lp_5.png,,,,,{111=30},,1002,111,11
1116,82106,,,,,,,无双·先手之利,1,111,,,,,,effect,,,city/adventure/random_tower/icon/icon_dk.png,10,,主动回合开始前，获得1至2回合10%暴击率,,,,,4,,,city/adventure/random_tower/hell/lp_icon/logo_lp_5.png,,,,,{111=20},,1002,111,11
1117,82107,,,,,,,无双·逆境之怒,1,111,,,,,,effect,,,city/adventure/random_tower/icon/icon_dk.png,10,,受到主动攻击时，暴击伤害提升10%，最多可叠加3层,,,,,4,,,city/adventure/random_tower/hell/lp_icon/logo_lp_5.png,,,,,{111=20},,1002,111,11
1118,82108,,,,,,,无双·杀戮意志,1,111,,,,,,effect,,,city/adventure/random_tower/icon/icon_dk.png,10,,击杀单位时，永久获得5%暴击率，最多可叠加4层,,,,,4,,,city/adventure/random_tower/hell/lp_icon/logo_lp_5.png,,,,,{111=5},,1002,111,11
1119,82109,,,,,,,无双·真实撕裂,1,111,,,,,,effect,,,city/adventure/random_tower/icon/icon_qr.png,1,,主动攻击时触发暴击额外造成自身30%双攻加成的真实伤害（该伤害可暴击）,,,,,4,,,city/adventure/random_tower/hell/lp_icon/logo_lp_5.png,,,,,{111=5},,1002,111,11
1120,82110,,,,,,,无双·暴伤回春,1,111,,,,,,effect,,,city/adventure/random_tower/icon/icon_xx.png,1,,提升10%暴击伤害，造成暴击时回复自身生命上限8%的生命值,,,,,4,,,city/adventure/random_tower/hell/lp_icon/logo_lp_5.png,,,,,{111=5},,1002,111,11
1121,82116,,,,,,,无双·血契之誓,1,111,,,,,,effect,,,city/adventure/random_tower/icon/icon_xx.png,0,,行动回合开始前，精灵每拥有暴击率10%，回复自身2%血量,,,,,4,,,city/adventure/random_tower/hell/lp_icon/logo_lp_5.png,,,,,{111=1},,1002,111,11
1122,82117,,,,,,,无双·绝境利刃,1,111,,,,,,effect,,,city/adventure/random_tower/icon/icon_pl.png,0,,对生命百分比小于50%的单位必定暴击,,,,,4,,,city/adventure/random_tower/hell/lp_icon/logo_lp_5.png,,,,,{111=1},,1002,111,11
1131,82121,,,,,,,无双·连击之舞,1,113,,,,,,effect,,通过获得3个【无双】流派祝福解锁,city/adventure/random_tower/icon/icon_yybm.png,,,精灵主动攻击每3次暴击获得一个额外回合,,,,,4,,,city/adventure/random_tower/hell/lp_icon/logo_lp_5.png,,,{111=3},,,,1002,111,11
1132,82122,,,,,,,无双·怒击灭杀,1,113,,,,,,effect,,通过获得5个【无双】流派祝福解锁,city/adventure/random_tower/icon/icon_nqhs.png,,,该获得的额外回合技能对主目标必定暴击，击杀单位时获得200点怒气,,,,,4,,,city/adventure/random_tower/hell/lp_icon/logo_lp_5.png,,,{111=5},,,,1002,111,11
1133,82123,,,,,,,无双·怒焰爆发,1,113,,,,,,effect,,通过获得8个【无双】流派祝福解锁,city/adventure/random_tower/icon/icon_nqhs.png,,,该额外回合获得300点怒气值,,,,,4,,,city/adventure/random_tower/hell/lp_icon/logo_lp_5.png,,,{111=8},,,,1002,111,11
1211,82201,,,,,,,终结·神佑赐福,1,121,,,,,,effect,,,city/adventure/random_tower/icon/icon_mf.png,100,,每拥有一个终结的祝福，精灵必杀伤害提升6%，该效果最多可叠加6层,,,,,4,,,city/adventure/random_tower/hell/lp_icon/logo_lp_9.png,,,,,{121=30},,1002,121,11
1212,82202,,,,,,,终结·破军之击,1,121,,,,,,effect,,,city/adventure/random_tower/icon/icon_mf.png,100,,精灵必杀伤害提升20%,,,,,4,,,city/adventure/random_tower/hell/lp_icon/logo_lp_9.png,,,,,{121=30},,1002,121,11
1213,82203,,,,,,,终结·怒焰奔腾,1,121,,,,,,effect,,,city/adventure/random_tower/icon/icon_zh.png,100,,精灵怒气回复速度提升40%,,,,,4,,,city/adventure/random_tower/hell/lp_icon/logo_lp_9.png,,,,,{121=30},,1002,121,11
1214,82204,,,,,,,终结·暴击降临,1,121,,,,,,effect,,,city/develop/talent/icon_bjsh.png,100,,精灵释放必杀技的暴击率提升25%,,,,,4,,,city/adventure/random_tower/hell/lp_icon/logo_lp_9.png,,,,,{121=30},,1002,121,11
1215,82205,,,,,,,终结·余威震天,1,121,,,,,,effect,,,city/adventure/random_tower/icon/icon_qz.png,100,,精灵释放必杀技后自身下次攻击造成伤害提升100%,,,,,4,,,city/adventure/random_tower/hell/lp_icon/logo_lp_9.png,,,,,{121=30},,1002,121,11
1216,82206,,,,,,,终结·生命之源,1,121,,,,,,effect,,,city/adventure/random_tower/icon/icon_sh2.png,10,,精灵释放必杀技后回复自身10%生命上限的血量,,,,,4,,,city/adventure/random_tower/hell/lp_icon/logo_lp_9.png,,,,,{121=20},,1002,121,11
1217,82207,,,,,,,终结·杀意叠加,1,121,,,,,,effect,,,city/adventure/random_tower/icon/icon_dk.png,10,,每使用一次必杀技，提升必杀伤害加成12%（可叠加3层）,,,,,4,,,city/adventure/random_tower/hell/lp_icon/logo_lp_9.png,,,,,{121=20},,1002,121,11
1218,82208,,,,,,,终结·怒海狂潮,1,121,,,,,,effect,,,city/adventure/random_tower/icon/icon_hn.png,10,,必杀技后，接下去2回合内怒气回复速度提升50%,,,,,4,,,city/adventure/random_tower/hell/lp_icon/logo_lp_9.png,,,,,{121=5},,1002,121,11
1219,82209,,,,,,,终结·屠戮乐章,1,121,,,,,,effect,,,city/adventure/random_tower/icon/icon_qr.png,1,,击败敌人时，额外获得100点怒气，并永久获得必杀伤害加成10%，最多可叠加3层,,,,,4,,,city/adventure/random_tower/hell/lp_icon/logo_lp_9.png,,,,,{121=5},,1002,121,11
1220,82210,,,,,,,终结·致命旋律,1,121,,,,,,effect,,,city/adventure/random_tower/icon/icon_yybm3.png,1,,每使用一次普攻或者小技能，提升必杀伤害20%，最多可叠加3层，释放后重置,,,,,4,,,city/adventure/random_tower/hell/lp_icon/logo_lp_9.png,,,,,{121=5},,1002,121,11
1221,82216,,,,,,,终结·怒气节制,1,121,,,,,,effect,,,city/adventure/random_tower/icon/icon_nqhs.png,0,,战斗内怒气上限降低200点,,,,,4,,,city/adventure/random_tower/hell/lp_icon/logo_lp_9.png,,,,,{121=1},,1002,121,11
1222,82217,,,,,,,终结·生命回响,1,121,,,,,,effect,,,city/adventure/random_tower/icon/icon_hx.png,0,,战斗结束前，恢复精灵自身必杀技释放次数*5%的气血（最多不超过20%）,,,,,4,,,city/adventure/random_tower/hell/lp_icon/logo_lp_9.png,,,,,{121=1},,1002,121,11
1231,82221,,,,,,,终结·双弦奏命,1,123,,,,,,effect,,通过获得3个【终结】流派祝福解锁,city/adventure/random_tower/icon/icon_yybm1.png,,,精灵每2次主动必杀技额外释放释放一次免消耗的必杀技,,,,,4,,,city/adventure/random_tower/hell/lp_icon/logo_lp_9.png,,,{121=3},,,,1002,121,11
1232,82222,,,,,,,终结·怒音回澜,1,123,,,,,,effect,,通过获得5个【终结】流派祝福解锁,city/adventure/random_tower/icon/icon_hn.png,,,该免消耗的必杀技击杀单位时额外获得200点怒气，同一个回合内不会重复触发,,,,,4,,,city/adventure/random_tower/hell/lp_icon/logo_lp_9.png,,,{121=5},,,,1002,121,11
1233,82223,,,,,,,终结·怒启天穹,1,123,,,,,,effect,,通过获得8个【终结】流派祝福解锁,city/adventure/random_tower/icon/icon_hn.png,,,入场获得满怒气，且必杀伤害提升20%,,,,,4,,,city/adventure/random_tower/hell/lp_icon/logo_lp_9.png,,,{121=8},,,,1002,121,11
1311,82301,,,,,,,毁灭·赐福降临,1,131,,,,,,effect,,,city/adventure/random_tower/icon/icon_gj.png,100,,每拥有一个毁灭的祝福，精灵双攻8%，该效果最多可叠加6层,,,,,4,,,city/adventure/random_tower/hell/lp_icon/logo_lp_4.png,,,,,{131=30},,1002,131,11
1312,82302,,,,,,,毁灭·破灭之力,1,131,,,,,,effect,,,city/adventure/random_tower/icon/icon_gj.png,100,,精灵双攻提升15%,,,,,4,,,city/adventure/random_tower/hell/lp_icon/logo_lp_4.png,,,,,{131=30},,1002,131,11
1313,82303,,,,,,,毁灭·生命升华,1,131,,,,,,effect,,,city/adventure/random_tower/icon/icon_xw.png,100,,精灵生命上限提高10%,,,,,4,,,city/adventure/random_tower/hell/lp_icon/logo_lp_4.png,,,,,{131=30},,1002,131,11
1314,82304,,,,,,,毁灭·血怒狂暴,1,131,,,,,,effect,,,city/adventure/random_tower/icon/icon_pl.png,100,,精灵损失血量时，提升双攻5%（最多可叠加4层）,,,,,4,,,city/adventure/random_tower/hell/lp_icon/logo_lp_4.png,,,,,{131=30},,1002,131,11
1315,82305,,,,,,,毁灭·血脉觉醒,1,131,,,,,,effect,,,city/adventure/random_tower/icon/icon_gj.png,100,,精灵每损失1%生命值，伤害加成提升3%,,,,,4,,,city/adventure/random_tower/hell/lp_icon/logo_lp_4.png,,,,,{131=30},,1002,131,11
1316,82306,,,,,,,毁灭·生命防护,1,131,,,,,,effect,,,city/adventure/random_tower/icon/icon_gj.png,10,,精灵每损失1%生命值，双攻提升3%,,,,,4,,,city/adventure/random_tower/hell/lp_icon/logo_lp_4.png,,,,,{131=20},,1002,131,11
1317,82307,,,,,,,毁灭·坚韧守护,1,131,,,,,,effect,,,city/adventure/random_tower/icon/icon_fy.png,10,,精灵每损失1%生命值，双防提升6%,,,,,4,,,city/adventure/random_tower/hell/lp_icon/logo_lp_4.png,,,,,{131=20},,1002,131,11
1318,82308,,,,,,,毁灭·逆境守护,1,131,,,,,,effect,,,city/adventure/random_tower/icon/icon_gj1.png,10,,当精灵当前生命值百分比首次小于50%时，获得自身20%生命上限的护盾，持续2回合,,,,,4,,,city/adventure/random_tower/hell/lp_icon/logo_lp_4.png,,,,,{131=5},,1002,131,11
1319,82309,,,,,,,毁灭·战损庇护,1,131,,,,,,effect,,,city/adventure/random_tower/icon/icon_fy.png,1,,进入战斗时，获得等同于已损失生命值36%伤害的护盾，持续2回合,,,,,4,,,city/adventure/random_tower/hell/lp_icon/logo_lp_4.png,,,,,{131=5},,1002,131,11
1320,82310,,,,,,,毁灭·血怒之手,1,131,,,,,,effect,,,city/adventure/random_tower/icon/icon_hn.png,1,,精灵损失血量后，恢复10点怒气（每个行动回合最多触发1次）,,,,,4,,,city/adventure/random_tower/hell/lp_icon/logo_lp_4.png,,,,,{131=5},,1002,131,11
1321,82316,,,,,,,毁灭·残命守护,1,131,,,,,,effect,,,city/adventure/random_tower/icon/icon_ph.png,0,,友方首个受到致命攻击的单位将保留1滴血存活,,,,,4,,,city/adventure/random_tower/hell/lp_icon/logo_lp_4.png,,,,,{131=1},,1002,131,11
1322,82317,,,,,,,毁灭·无尽战意,1,131,,,,,,effect,,,city/adventure/random_tower/icon/icon_fy.png,0,,自身每累计损失1%生命值，双攻提升1%（最高不超过200%）,,,,,4,,,city/adventure/random_tower/hell/lp_icon/logo_lp_4.png,,,,,{131=1},,1002,131,11
1331,82321,,,,,,,毁灭·血线觉醒,1,133,,,,,,effect,,通过获得3个【毁灭】流派祝福解锁,city/adventure/random_tower/icon/icon_nqhs.png,,,自身血量首次低于20%、50%，免消耗额外触发1次必杀技,,,,,4,,,city/adventure/random_tower/hell/lp_icon/logo_lp_4.png,,,{131=3},,,,1002,131,11
1332,82321,,,,,,,毁灭·吸血斩杀,1,133,,,,,,effect,,通过获得5个【毁灭】流派祝福解锁,city/adventure/random_tower/icon/icon_xx.png,,,该免消耗释放的必杀技附带25%吸血,,,,,4,,,city/adventure/random_tower/hell/lp_icon/logo_lp_4.png,,,{131=5},,,,1002,131,11
1333,82321,,,,,,,毁灭·血魂之伤,1,133,,,,,,effect,,通过获得8个【毁灭】流派祝福解锁,city/adventure/random_tower/icon/icon_nqhs.png,,,该必杀技额外造成自身已损失血量的50%的真实伤害,,,,,4,,,city/adventure/random_tower/hell/lp_icon/logo_lp_4.png,,,{131=8},,,,1002,131,11
1411,82401,,,,,,,诡术·神秘赐福,1,141,,,,,,effect,,,city/develop/talent/icon_ysg.png,100,,每拥有一个诡术的祝福，精灵控制率6%，该效果最多可叠加6层,,,,,4,,,city/adventure/random_tower/hell/lp_icon/logo_lp_7.png,,,,,{141=30},,1002,141,11
1412,82402,,,,,,,诡术·幽影掌控,1,141,,,,,,effect,,,city/develop/talent/icon_ysg.png,100,,控制率提升20%,,,,,4,,,city/adventure/random_tower/hell/lp_icon/logo_lp_7.png,,,,,{141=30},,1002,141,11
1413,82403,,,,,,,诡术·暗影诅咒,1,141,,,,,,effect,,,city/develop/talent/icon_ysg.png,100,,敌方免控率降低20%,,,,,4,,,city/adventure/random_tower/hell/lp_icon/logo_lp_7.png,,,,,{141=30},,1002,141,11
1414,82404,,,,,,,诡术·痛苦锁链,1,141,,,,,,effect,,,city/adventure/random_tower/icon/icon_gj.png,100,,陷入控制状态的敌方目标受到伤害提高10%,,,,,4,,,city/adventure/random_tower/hell/lp_icon/logo_lp_7.png,,,,,{141=30},,1002,141,11
1415,82405,,,,,,,诡术·破防一击,1,141,,,,,,effect,,,city/develop/talent/icon_bjsh.png,100,,敌方目标陷入控制状态后，下1次收到的攻击暴击率提高100%,,,,,4,,,city/adventure/random_tower/hell/lp_icon/logo_lp_7.png,,,,,{141=30},,1002,141,11
1416,82406,,,,,,,诡术·混沌爆裂,1,141,,,,,,effect,,,city/develop/talent/icon_ysg.png,10,,精灵对陷入控制状态的敌方目标释放必杀技或者小技能时，造成伤害提高30%,,,,,4,,,city/adventure/random_tower/hell/lp_icon/logo_lp_7.png,,,,,{141=20},,1002,141,11
1417,82407,,,,,,,诡术·永恒锁链,1,141,,,,,,effect,,,city/develop/talent/icon_ysg.png,10,,攻击时有30%概率永久提升控制率5%（最多可叠加5层）,,,,,4,,,city/adventure/random_tower/hell/lp_icon/logo_lp_7.png,,,,,{141=20},,1002,141,11
1418,82408,,,,,,,诡术·终结眩晕,1,141,,,,,,effect,,,city/develop/talent/icon_ysg.png,10,,精灵对释放终结技有30%概率眩晕1回合,,,,,4,,,city/adventure/random_tower/hell/lp_icon/logo_lp_7.png,,,,,{141=5},,1002,141,11
1419,82409,,,,,,,诡术·随机混沌,1,141,,,,,,effect,,,city/develop/talent/icon_ysg.png,1,,攻击时对随机目标有10%概率眩晕、睡眠、冰冻、沉默、混乱1回合,,,,,4,,,city/adventure/random_tower/hell/lp_icon/logo_lp_7.png,,,,,{141=5},,1002,141,11
1420,82410,,,,,,,诡术·冰霜界限,1,141,,,,,,effect,,,city/develop/talent/icon_ysg.png,1,,敌方首次低于当前生命值百分比低于70%、30%时，有60%冰冻1回合,,,,,4,,,city/adventure/random_tower/hell/lp_icon/logo_lp_7.png,,,,,{141=5},,1002,141,11
1421,82416,,,,,,,诡术·气血汲取,1,141,,,,,,effect,,,city/adventure/random_tower/icon/icon_hx.png,0,,自身每次控制一名敌人时，恢复自身3%的气血，每个行动回合内回复量最多不超过12%,,,,,4,,,city/adventure/random_tower/hell/lp_icon/logo_lp_7.png,,,,,{141=1},,1002,141,11
1422,82417,,,,,,,诡术·真实创伤,1,141,,,,,,effect,,,city/adventure/random_tower/icon/icon_gj.png,0,,敌方控制效果结束时造成等同于目标当前生命10%的真实伤害（每个大回合最多触发一次）,,,,,4,,,city/adventure/random_tower/hell/lp_icon/logo_lp_7.png,,,,,{141=1},,1002,141,11
1431,82421,,,,,,,诡术·混乱序曲,1,143,,,,,,effect,,通过获得3个【诡术】流派祝福解锁,city/develop/talent/icon_ysg.png,,,每个大回合开始，30%概率使目标进入眩晕、睡眠、冰冻、沉默、混乱中的一种（根据友方控制率最高的单位来享受）,,,,,4,,,city/adventure/random_tower/hell/lp_icon/logo_lp_7.png,,,{141=3},,,,1002,141,11
1432,82422,,,,,,,诡术·暗影重击,1,143,,,,,,effect,,通过获得5个【诡术】流派祝福解锁,city/adventure/random_tower/icon/icon_gj.png,,,并额外造成一次友方攻击较大值120%加成的真实伤害（敌方每一个控制效果提升伤害10%）,,,,,4,,,city/adventure/random_tower/hell/lp_icon/logo_lp_7.png,,,{141=5},,,,1002,141,11
1433,82423,,,,,,,诡术·暗影诅咒,1,143,,,,,,effect,,通过获得8个【诡术】流派祝福解锁,city/develop/talent/icon_ysg.png,,,触发时敌方免控率降低30%,,,,,4,,,city/adventure/random_tower/hell/lp_icon/logo_lp_7.png,,,{141=8},,,,1002,141,11
1511,82501,,,,,,,庇护·神光赐防,1,151,,,,,,effect,,,city/adventure/random_tower/icon/icon_fy.png,100,,每拥有一个庇护的祝福，精灵的双防提升8%，该效果最多可叠加6层,,,,,4,,,city/adventure/random_tower/hell/lp_icon/logo_lp_2.png,,,,,{151=30},,1002,151,11
1512,82502,,,,,,,庇护·坚盾暴击,1,151,,,,,,effect,,,city/develop/talent/icon_bsjc_kx.png,100,,持有护盾的精灵暴击率提升16%,,,,,4,,,city/adventure/random_tower/hell/lp_icon/logo_lp_2.png,,,,,{151=30},,1002,151,11
1513,82503,,,,,,,庇护·盾影重击,1,151,,,,,,effect,,,city/develop/talent/icon_bsjc_kx.png,100,,持有护盾的精灵暴击伤害提升30%,,,,,4,,,city/adventure/random_tower/hell/lp_icon/logo_lp_2.png,,,,,{151=30},,1002,151,11
1514,82504,,,,,,,庇护·神盾守护,1,151,,,,,,effect,,,city/adventure/random_tower/icon/icon_jh.png,100,,持有护盾的精灵双防提升20%,,,,,4,,,city/adventure/random_tower/hell/lp_icon/logo_lp_2.png,,,,,{151=30},,1002,151,11
1515,82505,,,,,,,庇护·圣盾减伤,1,151,,,,,,effect,,,city/adventure/random_tower/icon/icon_fy.png,100,,持有护盾的精灵伤害减免提升10%,,,,,4,,,city/adventure/random_tower/hell/lp_icon/logo_lp_2.png,,,,,{151=30},,1002,151,11
1516,82506,,,,,,,庇护·生命之盾,1,151,,,,,,effect,,,city/adventure/random_tower/icon/icon_fy.png,10,,精灵受到攻击后，获得等同于本次攻击内损失的生命值18%的护盾,,,,,4,,,city/adventure/random_tower/hell/lp_icon/logo_lp_2.png,,,,,{151=20},,1002,151,11
1517,82507,,,,,,,庇护·战始之盾,1,151,,,,,,effect,,,city/adventure/random_tower/icon/icon_jh.png,10,,进入战斗时，精灵获得自身生命上限10%的护盾,,,,,4,,,city/adventure/random_tower/hell/lp_icon/logo_lp_2.png,,,,,{151=20},,1002,151,11
1518,82508,,,,,,,庇护·自动回复,1,151,,,,,,effect,,,city/adventure/random_tower/icon/icon_jh.png,10,,自身行动，80%概率获得自身12%生命上限的护盾,,,,,4,,,city/adventure/random_tower/hell/lp_icon/logo_lp_2.png,,,,,{151=5},,1002,151,11
1519,82509,,,,,,,庇护·反震之威,1,151,,,,,,effect,,,city/develop/talent/icon_bsjc_kx.png,1,,自身受到主动攻击时，对攻击者造成自身护盾量20%的反震伤害,,,,,4,,,city/adventure/random_tower/hell/lp_icon/logo_lp_2.png,,,,,{151=5},,1002,151,11
1520,82510,,,,,,,庇护·护盾增攻,1,151,,,,,,effect,,,city/develop/talent/icon_bskx.png,1,,只有护盾的精灵提高等同于自身护盾量40%的双攻，但不会超过自身初始双攻的120%,,,,,4,,,city/adventure/random_tower/hell/lp_icon/logo_lp_2.png,,,,,{151=5},,1002,151,11
1521,82516,,,,,,,庇护·护盾生息,1,151,,,,,,effect,,,city/develop/talent/icon_bskx.png,0,,战斗结束前，自身身上的护盾会以10%的比例转化为生命值恢复自身,,,,,4,,,city/adventure/random_tower/hell/lp_icon/logo_lp_2.png,,,,,{151=1},,1002,151,11
1522,82517,,,,,,,庇护·真实之痛,1,151,,,,,,effect,,,city/develop/talent/icon_tf.png,0,,攻击时附带30%护盾量的真实伤害（该伤害不超过自身双攻的较大值200%）,,,,,4,,,city/adventure/random_tower/hell/lp_icon/logo_lp_2.png,,,,,{151=1},,1002,151,11
1531,82521,,,,,,,庇护·反震狂潮,1,153,,,,,,effect,,通过获得3个【庇护】流派祝福解锁,city/develop/talent/icon_tf.png,,,每个大回合结束后对敌方全体单位造成【反震】，伤害等同于我方全体护盾的总量的真实伤害,,,,,4,,,city/adventure/random_tower/hell/lp_icon/logo_lp_2.png,,,{151=3},,,,1002,151,11
1532,82522,,,,,,,庇护·暴击传承,1,153,,,,,,effect,,通过获得5个【庇护】流派祝福解锁,city/develop/talent/icon_sf.png,,,该反震伤害可暴击，继承友方暴击率最高的单位,,,,,4,,,city/adventure/random_tower/hell/lp_icon/logo_lp_2.png,,,{151=5},,,,1002,151,11
1533,82523,,,,,,,庇护·生命之歌,1,153,,,,,,effect,,通过获得8个【庇护】流派祝福解锁,city/develop/talent/icon_smz.png,,,反震伤害击杀单位时回复友方全体单位10%生命上限的血量,,,,,4,,,city/adventure/random_tower/hell/lp_icon/logo_lp_2.png,,,{151=8},,,,1002,151,11
1611,82601,,,,,,,甘露·生命之泉,1,161,,,,,,effect,,,city/develop/talent/icon_smz.png,100,,每拥有一个甘露的祝福，精灵生命上限提升5%，该效果最多可叠加6层,,,,,4,每拥有一个甘露的祝福，精灵生命上限提升5%#C0xF76B45#（10%）#C0x5B545B#，该效果最多可叠加6层,甘露·生命之泉#C0xF76B45##L10#+,city/adventure/random_tower/hell/lp_icon/logo_lp_3.png,,,,,{161=30},,1002,161,11
1612,82602,,,,,,,甘露·生命壁垒,1,161,,,,,,effect,,,city/adventure/random_tower/icon/icon_fy.png,100,,精灵接受治疗后，双防提升20%2回合,,,,,4,精灵接受治疗后，双防提升20%#C0xF76B45#（40%）#C0x5B545B#2回合,甘露·生命壁垒#C0xF76B45##L10#+,city/adventure/random_tower/hell/lp_icon/logo_lp_3.png,,,,,{161=30},,1002,161,11
1613,82603,,,,,,,甘露·治愈之力,1,161,,,,,,effect,,,city/adventure/random_tower/icon/icon_gj.png,100,,精灵接受治疗后，双攻提升20%2回合,,,,,4,精灵接受治疗后，双攻提升20%#C0xF76B45#（40%）#C0x5B545B#2回合,甘露·治愈之力#C0xF76B45##L10#+,city/adventure/random_tower/hell/lp_icon/logo_lp_3.png,,,,,{161=30},,1002,161,11
1614,82604,,,,,,,甘露·治愈之恩,1,161,,,,,,effect,,,city/develop/talent/icon_smz.png,100,,精灵提供治疗后，回复等同于自身生命上限10%的生命值（每个大回合触发1次）,,,,,4,精灵提供治疗后，回复等同于自身生命上限10%#C0xF76B45#（20%）#C0x5B545B#的生命值（每个大回合触发1次）,甘露·治愈之恩#C0xF76B45##L10#+,city/adventure/random_tower/hell/lp_icon/logo_lp_3.png,,,,,{161=30},,1002,161,11
1615,82605,,,,,,,甘露·曙光回复,1,161,,,,,,effect,,,city/develop/talent/icon_smz.png,100,,每个大回合开始，精灵回复等同于自身生命上限12%的生命值,,,,,4,每个大回合开始，精灵回复等同于自身生命上限12%#C0xF76B45#（20%）#C0x5B545B#的生命值,甘露·曙光回复#C0xF76B45##L10#+,city/adventure/random_tower/hell/lp_icon/logo_lp_3.png,,,,,{161=30},,1002,161,11
1616,82606,,,,,,,甘露·治愈增效,1,161,,,,,,effect,,,city/develop/talent/icon_smz.png,10,,精灵的受治疗率提升20%,,,,,4,精灵的受治疗率提升20%，#C0xF76B45#草系精灵行动时为友方血量最低的单位治疗10%的血量#C0x5B545B#,甘露·治愈增效#C0xF76B45##L10#+,city/adventure/random_tower/hell/lp_icon/logo_lp_3.png,,,,,{161=20},,1002,161,11
1617,82607,,,,,,,甘露·坚韧之躯,1,161,,,,,,effect,,,city/develop/talent/icon_sf.png,10,,满血时，受到的伤害降低30%,,,,,4,满血时，受到的伤害降低30%，#C0xF76B45#未满血，行动后回复自身10%生命值#C0x5B545B#,甘露·坚韧之躯#C0xF76B45##L10#+,city/adventure/random_tower/hell/lp_icon/logo_lp_3.png,,,,,{161=20},,1002,161,11
1618,82608,,,,,,,甘露·真实之伤,1,161,,,,,,effect,,,city/develop/talent/icon_bskx.png,10,,精灵释放攻击后，对主目标造成自身当前面生命值的20%的真实伤害,,,,,4,精灵释放攻击后，对主目标造成自身当前面生命值的20%#C0xF76B45#（40%）#C0x5B545B#的真实伤害,甘露·真实之伤#C0xF76B45##L10#+,city/adventure/random_tower/hell/lp_icon/logo_lp_3.png,,,,,{161=5},,1002,161,11
1619,82609,,,,,,,甘露·治疗之心,1,161,,,,,,effect,,,city/adventure/random_tower/icon/icon_gj.png,1,,精灵血量低于30%时生命上限提升50%2回合（冷却3回合）,,,,,4,精灵血量低于30%时生命上限提升50%2回合（冷却3回合），#C0xF76B45#并将血量恢复至60%#C0x5B545B#,甘露·治疗之心#C0xF76B45##L10#+,city/adventure/random_tower/hell/lp_icon/logo_lp_3.png,,,,,{161=5},,1002,161,11
1620,82610,,,,,,,甘露·治疗共鸣,1,161,,,,,,effect,,,city/adventure/random_tower/icon/icon_hx.png,1,,精灵释放普攻或者小技能回复自身本次攻击20%的气血,,,,,4,精灵释放普攻或者小技能回复自身本次攻击20%#C0xF76B45#（30%）#C0x5B545B#的气血，#C0xF76B45#必杀技回复本次攻击50%的气血#C0x5B545B#,甘露·治疗共鸣#C0xF76B45##L10#+,city/adventure/random_tower/hell/lp_icon/logo_lp_3.png,,,,,{161=5},,1002,161,11
1621,82616,,,,,,,甘露·生命之泉,1,161,,,,,,effect,,,city/adventure/random_tower/icon/icon_hx.png,0,,每个大回合我方对我方目标治疗时，记录治疗量，当任意我方目标释放攻击后，根据记录治疗量的30%对主目标造成真实附加伤害,,,,,4,每个大回合我方对我方目标治疗时，记录治疗量，当任意我方目标释放攻击后，根据记录治疗量的30%对主目标#C0xF76B45#（全体目标）#C0x5B545B#造成真实附加伤害,甘露·生命之泉#C0xF76B45##L10#+,city/adventure/random_tower/hell/lp_icon/logo_lp_3.png,,,,,{161=1},,1002,161,11
1622,82617,,,,,,,甘露·生命焕发,1,161,,,,,,effect,,,city/adventure/random_tower/icon/icon_hx.png,0,,释放必杀时回复自身20%生命上限的气血，且获得免控率50%1回合,,,,,4,释放必杀时回复自身20%#C0xF76B45#（30%）#C0x5B545B#生命上限的气血，且获得免控率50%1回合,甘露·生命焕发#C0xF76B45##L10#+,city/adventure/random_tower/hell/lp_icon/logo_lp_3.png,,,,,{161=1},,1002,161,11
1631,82621,,,,,,,甘露·群体疗愈,1,163,,,,,,effect,,通过获得3个【甘露】流派祝福解锁,city/adventure/random_tower/icon/icon_hx1.png,,,每个大回合结束后回复友方20%的生命值，已损失血量越多治疗量越大,,,,,4,每个大回合结束后回复友方20%#C0xF76B45#（30%）#C0x5B545B#的生命值，已损失血量越多治疗量越大,甘露·群体疗愈#C0xF76B45##L10#+,city/adventure/random_tower/hell/lp_icon/logo_lp_3.png,,,{161=3},,,,1002,161,11
1632,82622,,,,,,,甘露·治疗反伤,1,163,,,,,,effect,,通过获得5个【甘露】流派祝福解锁,city/adventure/random_tower/icon/icon_hx1.png,,,每个大回合结束后，对敌方全体单位造成友方本回合总治疗量50%的真实伤害,,,,,4,每个大回合结束后，对敌方全体单位造成友方本回合总治疗量50%的真实伤害#C0xF76B45#（该部分伤害享受治疗率加成）#C0x5B545B#,甘露·治疗反伤#C0xF76B45##L10#+,city/adventure/random_tower/hell/lp_icon/logo_lp_3.png,,,{161=5},,,,1002,161,11
1633,82623,,,,,,,甘露·生命怒潮,1,163,,,,,,effect,,通过获得8个【甘露】流派祝福解锁,city/adventure/random_tower/icon/icon_hx1.png,,,每个大回合结束后，额外回复自身200点怒气值，并触发【驱散I】,,,,,4,每个大回合结束后，额外回复自身200点怒气值，并触发【驱散I】，#C0xF76B45#并为随机2名单位添加【若木重生】效果：阵亡后以50%生命值立刻复活,甘露·生命怒潮#C0xF76B45##L10#+,city/adventure/random_tower/hell/lp_icon/logo_lp_3.png,,,{161=8},,,,1002,161,11
10001,80058,,,,,,,残躯守御,,9999,,,,,,effect,city/adventure/random_tower/icon/box_blue.png,,city/adventure/random_tower/icon/icon_fy.png,,5,我方精灵战斗开始时获得自身损失生命值的护盾值，持续2回合,,,,,4,,,,,,,,,,,,11
10002,80059,,,,,,,浴血坚防,,9999,,,,,,effect,city/adventure/random_tower/icon/box_blue.png,,city/adventure/random_tower/icon/icon_fy.png,,5,我方精灵每损失10%生命值，获得8%的伤害减免，该效果只在第一回合生效,,,,,4,,,,,,,,,,,,11
10003,80060,,,,,,,怒涛尽散,1,9999,,,,,,,city/adventure/random_tower/icon/box_yellow.png,,city/adventure/random_tower/icon/icon_hn.png,,,战斗第二回合时清空敌方全体所有怒气值,,,,,4,,,,,,,,,,,,11
10004,80061,,,,,,,同袍驰援,,9999,,,,,,effect,city/adventure/random_tower/icon/box_green.png,,city/adventure/random_tower/icon/icon_qhzl.png,,,我方任意精灵阵亡时，其他存活精灵回复20%最大生命值和500怒气值,,,,,4,,,,,,,,,,,,11
10005,80062,,,,,,,不息回春,,9999,,,,,,,city/adventure/random_tower/icon/box_pink.png,,city/adventure/random_tower/icon/icon_hx.png,,,我方精灵回合结束时回复自身已损失生命值的15%,,,,,4,,,,,,,,,,,,11
10006,80063,,,,,,,绝息再临,,9999,,,,,,effect,city/adventure/random_tower/icon/box_yellow.png,,city/adventure/random_tower/icon/icon_hn.png,,,我方精灵使用必杀技时有10%概率立即回复100%怒气值,,,,,4,,,,,,,,,,,,11
10007,80064,,,,,,,破阵死标,,9999,,,,,,effect,city/adventure/random_tower/icon/box_red.png,,city/adventure/random_tower/icon/icon_js1.png,,,每回合开始标记随机一名敌方精灵，使其受到的伤害额外提升50%,,,,,4,,,,,,,,,,,,11
10008,80065,,,,,,,迅影狂怒,,9999,,,,,,effect,city/adventure/random_tower/icon/box_yellow.png,,city/adventure/random_tower/icon/icon_yybm.png,,,我方精灵使用大招后提升20%速度值和和200点怒气,,,,,4,,,,,,,,,,,,11
10009,80066,,,,,,,天克绝杀,,9999,,,,,,effect,city/adventure/random_tower/icon/box_red.png,,city/adventure/random_tower/icon/icon_cxsh.png,,,我方精灵属性克制效果提升，对克制属性的精灵额外造成20%的伤害,,,,,4,,,,,,,,,,,,11
10010,80067,,,,,,,噬敌愈身,,9999,,,,,,,city/adventure/random_tower/icon/box_pink.png,,city/adventure/random_tower/icon/icon_hx.png,,,我方精灵击败敌方精灵时，回复自身10%生命值和200点怒气值,,,,,4,,,,,,,,,,,,11
10011,80068,,,,,,,死神裁决,1,9999,,,,,,effect,city/adventure/random_tower/icon/box_red.png,,city/adventure/random_tower/icon/icon_js.png,,,每大回合结束时生命低于10%的敌方精灵将被死神伊裴尔塔尔收割，直接退场,,,,,4,,,,,,,,,,,,11
10012,80069,,,,,,,先发制敌,,9999,,,,,,effect,city/adventure/random_tower/icon/box_yellow.png,,city/adventure/random_tower/icon/icon_yybm.png,,,战斗首回合提升我方全队20%速度,,,,,4,,,,,,,,,,,,11
10013,80070,,,,,,,灵脉增速,,9999,,,,,,effect,city/adventure/random_tower/icon/box_yellow.png,,city/adventure/random_tower/icon/icon_yybm.png,,1,提升我方精灵属性种类*4%的速度（只计算第一属性）,,,,,4,,,,,,,,,,,,11
10014,80071,,,,,,,铁壁御控,,9999,,,,,,effect,city/adventure/random_tower/icon/box_blue.png,,city/adventure/random_tower/icon/icon_fy.png,,7,我方前排精灵有50%概率免疫控制效果,,,,,4,,,,,,,,,,,,11
10015,80072,,,,,,,命源压制,1,9999,,,,,,effect,city/adventure/random_tower/icon/box_red.png,,city/adventure/random_tower/icon/icon_js.png,,,敌方精灵永久减少10%生命上限,,,,,4,,,,,,,,,,,,11
10016,80073,,,,,,,殒命同归,,9999,,,,,,effect,city/adventure/random_tower/icon/box_red.png,,city/adventure/random_tower/icon/icon_js1.png,,,我方精灵被击败时，同时给击杀者造成等值伤害,,,,,4,,,,,,,,,,,,11
10017,80074,,,,,,,余威震荡,,9999,,,,,,effect,city/adventure/random_tower/icon/box_red.png,,city/adventure/random_tower/icon/icon_fs.png,,,击败敌人时，对其周围精灵造成该伤害值40%的伤害,,,,,4,,,,,,,,,,,,11
10018,80075,,,,,,,夺怒突袭,,9999,,,,,,effect,city/adventure/random_tower/icon/box_yellow.png,,city/adventure/random_tower/icon/icon_hn.png,,,我方精灵攻击时有20%概率偷取目标50点怒气值,,,,,4,,,,,,,,,,,,11
10019,80076,,,,,,,圣愈增幅,,9999,,,,,,effect,city/adventure/random_tower/icon/box_green.png,,city/adventure/random_tower/icon/icon_qhzl.png,,,我方精灵的治疗率提升30%,,,,,4,,,,,,,,,,,,11
10020,80077,,,,,,,净界破敌,,9999,,,,,,effect,city/adventure/random_tower/icon/box_yellow.png,,city/adventure/random_tower/icon/icon_yybm1.png,,,我方精灵使用必杀技时清除目标的所有增益效果,,,,,4,,,,,,,,,,,,11
10021,80078,,,,,,,潮汐绝杀,,9999,,,,,,effect,city/adventure/random_tower/icon/box_yellow.png,,city/adventure/random_tower/icon/icon_zh.png,,,我方精灵奇数回合内增加30%必杀伤害，偶数回合降低15%必杀伤害,,,,,4,,,,,,,,,,,,11
10022,80079,,,,,,,天罚降世,,9999,,,,,,effect,city/adventure/random_tower/icon/box_red.png,,city/adventure/random_tower/icon/icon_fs.png,,,每大回合结束时对所有敌方精灵造成我方攻击最高精灵20%攻击的真实伤害,,,,,4,,,,,,,,,,,,11
10023,80080,,,,,,,全域守护,,9999,,,,,,effect,city/adventure/random_tower/icon/box_blue.png,,city/adventure/random_tower/icon/icon_fy.png,,,进入战斗时获得一个全体护盾，该护盾可以吸收所有我方精灵受到的伤害，其吸收值与我方精灵中最高生命值相同,,,,,4,,,,,,,,,,,,11
10024,80081,,,,,,,蚀骨焚心,,9999,,,,,,effect,city/adventure/random_tower/icon/box_red.png,,city/adventure/random_tower/icon/icon_cxsh.png,,6,我方精灵造成的持续性伤害提升一倍,,,,,4,,,,,,,,,,,,11
10025,80082,,,,,,,怒起势减,,9999,,,,,,effect,city/adventure/random_tower/icon/box_yellow.png,,city/adventure/random_tower/icon/icon_zh.png,,,战斗首回合满怒，但必杀伤害降低20%1回合,,,,,4,,,,,,,,,,,,11
