变量名,hpSupplyCondition2,style,floor,setFloor,CD,battleFailStop,mpSupplyCondition2,hpSupplyCondition1,hpSupplyPriority,mpSupplyCondition1,mpSupplyPriority,stopNumber1,__version,stopNumber2
默认值,0.4,1,0,100,300,3,0.2,<3;0.6>,<5;1;2>,<4;0.5>,<>,<<4;4;1>;<6;4;0.5>>,,<<10;10;1>;<12;8;0.5>>
ID,hpSupplyCondition2,style,floor,setFloor,CD,battleFailStop,mpSupplyCondition2,hpSupplyCondition1,hpSupplyPriority,mpSupplyCondition1,mpSupplyPriority,stopNumber1,__version,stopNumber2
1001,,,1,,,,,<3;0.5>,<5;1;2>,<3;0.6>,,,,
1002,,,2,,,,,<3;0.5>,<5;1;2>,<3;0.6>,,,,
1003,,,3,,,,,<3;0.5>,<5;1;2>,<3;0.6>,,,,
1004,,,4,,,,,<3;0.5>,<5;1;2>,<3;0.6>,,,,
1005,,,5,,,,,<3;0.5>,<5;1;2>,<3;0.6>,,,,
1006,,,6,,,,,<3;0.5>,<5;1;2>,<3;0.6>,,,,
1007,,,7,,,,,<3;0.5>,<5;1;2>,<3;0.6>,,,,
1008,,,8,,,,,<3;0.5>,<5;1;2>,<3;0.6>,,,,
1009,,,9,,,,,<3;0.5>,<5;1;2>,<3;0.6>,,,,
1010,,,10,,,,,<3;0.5>,<5;1;2>,<3;0.6>,,,,
1011,,,11,,,,,<3;0.5>,<5;1;2>,<3;0.6>,,,,
1012,,,12,,,,,<3;0.5>,<5;1;2>,<3;0.6>,,,,
1013,,,13,,,,,<3;0.5>,<5;1;2>,<3;0.6>,,,,
1014,,,14,,,,,<3;0.5>,<5;1;2>,<3;0.6>,,,,
1015,,,15,,,,,<3;0.5>,<5;1;2>,<3;0.6>,,,,
1016,,,16,,,,,<3;0.5>,<5;1;2>,<3;0.6>,,,,
1017,,,17,,,,,<3;0.5>,<5;1;2>,<3;0.6>,,,,
1018,,,18,,,,,<3;0.5>,<5;1;2>,<3;0.6>,,,,
1019,,,19,,,,,<3;0.5>,<5;1;2>,<3;0.6>,,,,
1020,,,20,,,,,<3;0.5>,<5;1;2>,<3;0.6>,,,,
1021,,,21,,,,,<3;0.5>,<5;1;2>,<3;0.6>,,,,
1022,,,22,,,,,<3;0.5>,<5;1;2>,<3;0.6>,,,,
1023,,,23,,,,,<3;0.5>,<5;1;2>,<3;0.6>,,,,
1024,,,24,,,,,<3;0.5>,<5;1;2>,<3;0.6>,,,,
1025,,,25,,,,,<3;0.5>,<5;1;2>,<3;0.6>,,,,
1026,,,26,,,,,<3;0.5>,<5;1;2>,<3;0.6>,,,,
1027,,,27,,,,,<3;0.5>,<5;1;2>,<3;0.6>,,,,
1028,,,28,,,,,<3;0.5>,<5;1;2>,<3;0.6>,,,,
1029,,,29,,,,,<3;0.5>,<5;1;2>,<3;0.6>,,,,
1030,,,30,,,,,<3;0.5>,<5;1;2>,<3;0.6>,,,,
1031,,,31,,,,,<3;0.5>,<5;1;2>,<3;0.6>,,,,
1032,,,32,,,,,<3;0.5>,<5;1;2>,<3;0.6>,,,,
1033,,,33,,,,,<3;0.5>,<5;1;2>,<3;0.6>,,,,
1034,,,34,,,,,<3;0.5>,<5;1;2>,<3;0.6>,,,,
1035,,,35,,,,,<3;0.5>,<5;1;2>,<3;0.6>,,,,
1036,,,36,,,,,<3;0.5>,<5;1;2>,<3;0.6>,,,,
1037,,,37,,,,,<3;0.5>,<5;1;2>,<3;0.6>,,,,
1038,,,38,,,,,<3;0.5>,<5;1;2>,<3;0.6>,,,,
1039,,,39,,,,,<3;0.5>,<5;1;2>,<3;0.6>,,,,
1040,,,40,,,,,<3;0.5>,<5;1;2>,<3;0.6>,,,,
1041,,,41,,,,,<3;0.5>,<5;1;2>,<3;0.6>,,,,
1042,,,42,,,,,<3;0.5>,<5;1;2>,<3;0.6>,,,,
1043,,,43,,,,,<3;0.5>,<5;1;2>,<3;0.6>,,,,
1044,,,44,,,,,<3;0.5>,<5;1;2>,<3;0.6>,,,,
1045,,,45,,,,,<3;0.5>,<5;1;2>,<3;0.6>,,,,
1046,,,46,,,,,<3;0.5>,<5;1;2>,<3;0.6>,,,,
1047,,,47,,,,,<3;0.5>,<5;1;2>,<3;0.6>,,,,
1048,,,48,,,,,<3;0.5>,<5;1;2>,<3;0.6>,,,,
1049,,,49,,,,,<3;0.5>,<5;1;2>,<3;0.6>,,,,
1050,,,50,,,,,<3;0.5>,<5;1;2>,<3;0.6>,,,,
1051,,,51,,,,,<3;0.5>,<5;1;2>,<3;0.6>,,,,
1052,,,52,,,,,<3;0.5>,<5;1;2>,<3;0.6>,,,,
1053,,,53,,,,,<3;0.5>,<5;1;2>,<3;0.6>,,,,
1054,,,54,,,,,<3;0.5>,<5;1;2>,<3;0.6>,,,,
1055,,,55,,,,,<3;0.5>,<5;1;2>,<3;0.6>,,,,
1056,,,56,,,,,<3;0.5>,<5;1;2>,<3;0.6>,,,,
1057,,,57,,,,,<3;0.5>,<5;1;2>,<3;0.6>,,,,
1058,,,58,,,,,<3;0.5>,<5;1;2>,<3;0.6>,,,,
1059,,,59,,,,,<3;0.5>,<5;1;2>,<3;0.6>,,,,
1060,,,60,,,,,<3;0.5>,<5;1;2>,<3;0.6>,,,,
1061,,,61,,,,,<3;0.5>,<5;1;2>,<3;0.6>,,,,
1062,,,62,,,,,<3;0.5>,<5;1;2>,<3;0.6>,,,,
1063,,,63,,,,,<3;0.5>,<5;1;2>,<3;0.6>,,,,
1064,,,64,,,,,<3;0.5>,<5;1;2>,<3;0.6>,,,,
1065,,,65,,,,,<3;0.5>,<5;1;2>,<3;0.6>,,,,
1066,,,66,,,,,<3;0.5>,<5;1;2>,<3;0.6>,,,,
1067,,,67,,,,,<3;0.5>,<5;1;2>,<3;0.6>,,,,
1068,,,68,,,,,<3;0.5>,<5;1;2>,<3;0.6>,,,,
1069,,,69,,,,,<3;0.5>,<5;1;2>,<3;0.6>,,,,
1070,,,70,,,,,<3;0.5>,<5;1;2>,<3;0.6>,,,,
1071,,,71,,,,,<3;0.5>,<5;1;2>,<3;0.6>,,,,
1072,,,72,,,,,<3;0.5>,<5;1;2>,<3;0.6>,,,,
1073,,,73,,,,,<3;0.5>,<5;1;2>,<3;0.6>,,,,
1074,,,74,,,,,<3;0.5>,<5;1;2>,<3;0.6>,,,,
1075,,,75,,,,,<3;0.5>,<5;1;2>,<3;0.6>,,,,
1076,,,76,,,,,<3;0.5>,<5;1;2>,<3;0.6>,,,,
1077,,,77,,,,,<3;0.5>,<5;1;2>,<3;0.6>,,,,
1078,,,78,,,,,<3;0.5>,<5;1;2>,<3;0.6>,,,,
1079,,,79,,,,,<3;0.5>,<5;1;2>,<3;0.6>,,,,
1080,,,80,,,,,<3;0.5>,<5;1;2>,<3;0.6>,,,,
1081,,,81,,,,,<3;0.5>,<5;1;2>,<3;0.6>,,,,
1082,,,82,,,,,<3;0.5>,<5;1;2>,<3;0.6>,,,,
1083,,,83,,,,,<3;0.5>,<5;1;2>,<3;0.6>,,,,
1084,,,84,,,,,<3;0.5>,<5;1;2>,<3;0.6>,,,,
1085,,,85,,,,,<3;0.5>,<5;1;2>,<3;0.6>,,,,
1086,,,86,,,,,<3;0.5>,<5;1;2>,<3;0.6>,,,,
1087,,,87,,,,,<3;0.5>,<5;1;2>,<3;0.6>,,,,
1088,,,88,,,,,<3;0.5>,<5;1;2>,<3;0.6>,,,,
1089,,,89,,,,,<3;0.5>,<5;1;2>,<3;0.6>,,,,
1090,,,90,,,,,<3;0.5>,<5;1;2>,<3;0.6>,,,,
1091,,,91,,,,,<3;0.5>,<5;1;2>,<3;0.6>,,,,
1092,,,92,,,,,<3;0.5>,<5;1;2>,<3;0.6>,,,,
1093,,,93,,,,,<3;0.5>,<5;1;2>,<3;0.6>,,,,
1094,,,94,,,,,<3;0.5>,<5;1;2>,<3;0.6>,,,,
1095,,,95,,,,,<3;0.5>,<5;1;2>,<3;0.6>,,,,
1096,,,96,,,,,<3;0.5>,<5;1;2>,<3;0.6>,,,,
1097,,,97,,,,,<3;0.5>,<5;1;2>,<3;0.6>,,,,
1098,,,98,,,,,<3;0.5>,<5;1;2>,<3;0.6>,,,,
1099,,,99,,,,,<3;0.5>,<5;1;2>,<3;0.6>,<4;3>,,,
1100,,,100,,,,,<3;0.5>,<5;1;2>,<3;0.6>,,,,
1101,,,101,,,,,<3;0.5>,<5;1;2>,<3;0.6>,,,,
1102,,,102,,,,,<3;0.5>,<5;1;2>,<3;0.6>,,,,
1103,,,103,,,,,<3;0.5>,<5;1;2>,<3;0.6>,,,,
1104,,,104,,,,,<3;0.5>,<5;1;2>,<3;0.6>,,,,
1105,,,105,,,,,<3;0.5>,<5;1;2>,<3;0.6>,,,,
1106,,,106,,,,,<3;0.5>,<5;1;2>,<3;0.6>,,,,
1107,,,107,,,,,<3;0.5>,<5;1;2>,<3;0.6>,,,,
1108,,,108,,,,,<3;0.5>,<5;1;2>,<3;0.6>,,,,
1109,,,109,,,,,<3;0.5>,<5;1;2>,<3;0.6>,<4;3>,,,
1110,,,110,,,,,<3;0.5>,<5;1;2>,<3;0.6>,,,,
1111,,,111,,,,,<3;0.5>,<5;1;2>,<3;0.6>,,,,
1112,,,112,,,,,<3;0.5>,<5;1;2>,<3;0.6>,,,,
1113,,,113,,,,,<3;0.5>,<5;1;2>,<3;0.6>,,,,
1114,,,114,,,,,<3;0.5>,<5;1;2>,<3;0.6>,,,,
1115,,,115,,,,,<3;0.5>,<5;1;2>,<3;0.6>,,,,
1116,,,116,,,,,<3;0.5>,<5;1;2>,<3;0.6>,,,,
1117,,,117,,,,,<3;0.5>,<5;1;2>,<3;0.6>,,,,
1118,,,118,,,,,<3;0.5>,<5;1;2>,<3;0.6>,,,,
1119,,,119,,,,,<3;0.5>,<5;1;2>,<3;0.6>,<4;3>,,,
1120,,,120,,,,,<3;0.5>,<5;1;2>,<3;0.6>,,,,
1121,,,121,,,,,<3;0.6>,<5;1;2>,<3;0.6>,,,,
1122,,,122,,,,,<3;0.6>,<5;1;2>,<3;0.6>,,,,
1123,,,123,,,,,<3;0.6>,<5;1;2>,<3;0.6>,,,,
1124,,,124,,,,,<3;0.6>,<5;1;2>,<3;0.6>,,,,
1125,,,125,,,,,<3;0.6>,<5;1;2>,<3;0.6>,,,,
1126,,,126,,,,,<3;0.6>,<5;1;2>,<3;0.6>,,,,
1127,,,127,,,,,<3;0.6>,<5;1;2>,<3;0.6>,,,,
1128,,,128,,,,,<3;0.6>,<5;1;2>,<3;0.6>,,,,
1129,,,129,,,,,<3;0.6>,<5;1;2>,<3;0.6>,<4;3>,,,
1130,,,130,,,,,<3;0.6>,<5;1;2>,<3;0.6>,,,,
1131,,,131,,,,,<3;0.6>,<5;1;2>,<3;0.6>,,,,
1132,,,132,,,,,<3;0.6>,<5;1;2>,<3;0.6>,,,,
1133,,,133,,,,,<3;0.6>,<5;1;2>,<3;0.6>,,,,
1134,,,134,,,,,<3;0.6>,<5;1;2>,<3;0.6>,,,,
1135,,,135,,,,,<3;0.6>,<5;1;2>,<3;0.6>,,,,
1136,,,136,,,,,<3;0.6>,<5;1;2>,<3;0.6>,,,,
1137,,,137,,,,,<3;0.6>,<5;1;2>,<3;0.6>,,,,
1138,,,138,,,,,<3;0.6>,<5;1;2>,<3;0.6>,,,,
1139,,,139,,,,,<3;0.6>,<5;1;2>,<3;0.6>,<4;3>,,,
1140,,,140,,,,,<3;0.6>,<5;1;2>,<3;0.6>,,,,
1141,,,141,,,,,<3;0.6>,<5;1;2>,<3;0.6>,,,,
1142,,,142,,,,,<3;0.6>,<5;1;2>,<3;0.6>,,,,
1143,,,143,,,,,<3;0.6>,<5;1;2>,<3;0.6>,,,,
1144,,,144,,,,,<3;0.6>,<5;1;2>,<3;0.6>,,,,
1145,,,145,,,,,<3;0.6>,<5;1;2>,<3;0.6>,,,,
1146,,,146,,,,,<3;0.6>,<5;1;2>,<3;0.6>,,,,
1147,,,147,,,,,<3;0.6>,<5;1;2>,<3;0.6>,,,,
1148,,,148,,,,,<3;0.6>,<5;1;2>,<3;0.6>,,,,
1149,,,149,,,,,<3;0.6>,<5;1;2>,<3;0.6>,<4;3>,,,
1150,,,150,,,,,<3;0.6>,<5;1;2>,<3;0.6>,,,,
1151,,,151,,,,,<3;0.6>,<5;1;2>,<3;0.6>,,,,
1152,,,152,,,,,<3;0.6>,<5;1;2>,<3;0.6>,,,,
1153,,,153,,,,,<3;0.6>,<5;1;2>,<3;0.6>,,,,
1154,,,154,,,,,<3;0.6>,<5;1;2>,<3;0.6>,,,,
1155,,,155,,,,,<3;0.6>,<5;1;2>,<3;0.6>,,,,
1156,,,156,,,,,<3;0.6>,<5;1;2>,<3;0.6>,,,,
1157,,,157,,,,,<3;0.6>,<5;1;2>,<3;0.6>,,,,
1158,,,158,,,,,<3;0.6>,<5;1;2>,<3;0.6>,,,,
1159,,,159,,,,,<3;0.6>,<5;1;2>,<3;0.6>,<4;3>,,,
1160,,,160,,,,,<3;0.6>,<5;1;2>,<3;0.6>,,,,
1161,,,161,,,,,<3;0.6>,<5;1;2>,<3;0.6>,,,,
1162,,,162,,,,,<3;0.6>,<5;1;2>,<3;0.6>,,,,
1163,,,163,,,,,<3;0.6>,<5;1;2>,<3;0.6>,,,,
1164,,,164,,,,,<3;0.6>,<5;1;2>,<3;0.6>,,,,
1165,,,165,,,,,<3;0.6>,<5;1;2>,<3;0.6>,,,,
1166,,,166,,,,,<3;0.6>,<5;1;2>,<3;0.6>,,,,
1167,,,167,,,,,<3;0.6>,<5;1;2>,<3;0.6>,,,,
1168,,,168,,,,,<3;0.6>,<5;1;2>,<3;0.6>,,,,
1169,,,169,,,,,<3;0.6>,<5;1;2>,<3;0.6>,<4;3>,,,
1170,,,170,,,,,<3;0.6>,<5;1;2>,<3;0.6>,,,,
1171,,,171,,,,,<3;0.6>,<5;1;2>,<3;0.6>,,,,
1172,,,172,,,,,<3;0.6>,<5;1;2>,<3;0.6>,,,,
1173,,,173,,,,,<3;0.6>,<5;1;2>,<3;0.6>,,,,
1174,,,174,,,,,<3;0.6>,<5;1;2>,<3;0.6>,,,,
1175,,,175,,,,,<3;0.6>,<5;1;2>,<3;0.6>,,,,
1176,,,176,,,,,<3;0.6>,<5;1;2>,<3;0.6>,,,,
1177,,,177,,,,,<3;0.6>,<5;1;2>,<3;0.6>,,,,
1178,,,178,,,,,<3;0.6>,<5;1;2>,<3;0.6>,,,,
1179,,,179,,,,,<3;0.6>,<5;1;2>,<3;0.6>,<4;3>,,,
1180,,,180,,,,,<3;0.6>,<5;1;2>,<3;0.6>,,,,
1181,,,181,,,,,<3;0.6>,<5;1;2>,<3;0.6>,,,,
1182,,,182,,,,,<3;0.6>,<5;1;2>,<3;0.6>,,,,
1183,,,183,,,,,<3;0.6>,<5;1;2>,<3;0.6>,,,,
1184,,,184,,,,,<3;0.6>,<5;1;2>,<3;0.6>,,,,
1185,,,185,,,,,<3;0.6>,<5;1;2>,<3;0.6>,,,,
1186,,,186,,,,,<3;0.6>,<5;1;2>,<3;0.6>,,,,
1187,,,187,,,,,<3;0.6>,<5;1;2>,<3;0.6>,,,,
1188,,,188,,,,,<3;0.6>,<5;1;2>,<3;0.6>,,,,
1189,,,189,,,,,<3;0.6>,<5;1;2>,<3;0.6>,<4;3>,,,
1190,,,190,,,,,<3;0.6>,<5;1;2>,<3;0.6>,,,,
1191,,,191,,,,,<3;0.6>,<5;1;2>,<3;0.6>,,,,
1192,,,192,,,,,<3;0.6>,<5;1;2>,<3;0.6>,,,,
1193,,,193,,,,,<3;0.6>,<5;1;2>,<3;0.6>,,,,
1194,,,194,,,,,<3;0.6>,<5;1;2>,<3;0.6>,,,,
1195,,,195,,,,,<3;0.6>,<5;1;2>,<3;0.6>,,,,
1196,,,196,,,,,<3;0.6>,<5;1;2>,<3;0.6>,,,,
1197,,,197,,,,,<3;0.6>,<5;1;2>,<3;0.6>,,,,
1198,,,198,,,,,<3;0.6>,<5;1;2>,<3;0.6>,,,,
1199,,,199,,,,,<3;0.6>,<5;1;2>,<3;0.6>,<4;3>,,,
1200,,,200,,,,,<3;0.6>,<5;1;2>,<3;0.6>,,,,
2001,,2,1,,,,,<3;0.5>,<5;1;2>,<3;0.6>,,,,
2002,,2,2,,,,,<3;0.5>,<5;1;2>,<3;0.6>,,,,
2003,,2,3,,,,,<3;0.5>,<5;1;2>,<3;0.6>,,,,
2004,,2,4,,,,,<3;0.5>,<5;1;2>,<3;0.6>,,,,
2005,,2,5,,,,,<3;0.5>,<5;1;2>,<3;0.6>,,,,
2006,,2,6,,,,,<3;0.5>,<5;1;2>,<3;0.6>,,,,
2007,,2,7,,,,,<3;0.5>,<5;1;2>,<3;0.6>,,,,
2008,,2,8,,,,,<3;0.5>,<5;1;2>,<3;0.6>,,,,
2009,,2,9,,,,,<3;0.5>,<5;1;2>,<3;0.6>,,,,
2010,,2,10,,,,,<3;0.5>,<5;1;2>,<3;0.6>,,,,
2011,,2,11,,,,,<3;0.5>,<5;1;2>,<3;0.6>,,,,
2012,,2,12,,,,,<3;0.5>,<5;1;2>,<3;0.6>,,,,
2013,,2,13,,,,,<3;0.5>,<5;1;2>,<3;0.6>,,,,
2014,,2,14,,,,,<3;0.5>,<5;1;2>,<3;0.6>,,,,
2015,,2,15,,,,,<3;0.5>,<5;1;2>,<3;0.6>,,,,
2016,,2,16,,,,,<3;0.5>,<5;1;2>,<3;0.6>,,,,
2017,,2,17,,,,,<3;0.5>,<5;1;2>,<3;0.6>,,,,
2018,,2,18,,,,,<3;0.5>,<5;1;2>,<3;0.6>,,,,
2019,,2,19,,,,,<3;0.5>,<5;1;2>,<3;0.6>,,,,
2020,,2,20,,,,,<3;0.5>,<5;1;2>,<3;0.6>,,,,
2021,,2,21,,,,,<3;0.5>,<5;1;2>,<3;0.6>,,,,
2022,,2,22,,,,,<3;0.5>,<5;1;2>,<3;0.6>,,,,
2023,,2,23,,,,,<3;0.5>,<5;1;2>,<3;0.6>,,,,
2024,,2,24,,,,,<3;0.5>,<5;1;2>,<3;0.6>,,,,
2025,,2,25,,,,,<3;0.5>,<5;1;2>,<3;0.6>,,,,
2026,,2,26,,,,,<3;0.5>,<5;1;2>,<3;0.6>,,,,
2027,,2,27,,,,,<3;0.5>,<5;1;2>,<3;0.6>,,,,
2028,,2,28,,,,,<3;0.5>,<5;1;2>,<3;0.6>,,,,
2029,,2,29,,,,,<3;0.5>,<5;1;2>,<3;0.6>,,,,
2030,,2,30,,,,,<3;0.5>,<5;1;2>,<3;0.6>,,,,
2031,,2,31,,,,,<3;0.5>,<5;1;2>,<3;0.6>,,,,
2032,,2,32,,,,,<3;0.5>,<5;1;2>,<3;0.6>,,,,
2033,,2,33,,,,,<3;0.5>,<5;1;2>,<3;0.6>,,,,
2034,,2,34,,,,,<3;0.5>,<5;1;2>,<3;0.6>,,,,
2035,,2,35,,,,,<3;0.5>,<5;1;2>,<3;0.6>,,,,
2036,,2,36,,,,,<3;0.5>,<5;1;2>,<3;0.6>,,,,
2037,,2,37,,,,,<3;0.5>,<5;1;2>,<3;0.6>,,,,
2038,,2,38,,,,,<3;0.5>,<5;1;2>,<3;0.6>,,,,
2039,,2,39,,,,,<3;0.5>,<5;1;2>,<3;0.6>,,,,
2040,,2,40,,,,,<3;0.5>,<5;1;2>,<3;0.6>,,,,
2041,,2,41,,,,,<3;0.5>,<5;1;2>,<3;0.6>,,,,
2042,,2,42,,,,,<3;0.5>,<5;1;2>,<3;0.6>,,,,
2043,,2,43,,,,,<3;0.5>,<5;1;2>,<3;0.6>,,,,
2044,,2,44,,,,,<3;0.5>,<5;1;2>,<3;0.6>,,,,
2045,,2,45,,,,,<3;0.5>,<5;1;2>,<3;0.6>,,,,
2046,,2,46,,,,,<3;0.5>,<5;1;2>,<3;0.6>,,,,
2047,,2,47,,,,,<3;0.5>,<5;1;2>,<3;0.6>,,,,
2048,,2,48,,,,,<3;0.5>,<5;1;2>,<3;0.6>,,,,
2049,,2,49,,,,,<3;0.5>,<5;1;2>,<3;0.6>,,,,
2050,,2,50,,,,,<3;0.5>,<5;1;2>,<3;0.6>,,,,
2051,,2,51,,,,,<3;0.5>,<5;1;2>,<3;0.6>,,,,
2052,,2,52,,,,,<3;0.5>,<5;1;2>,<3;0.6>,,,,
2053,,2,53,,,,,<3;0.5>,<5;1;2>,<3;0.6>,,,,
2054,,2,54,,,,,<3;0.5>,<5;1;2>,<3;0.6>,,,,
2055,,2,55,,,,,<3;0.5>,<5;1;2>,<3;0.6>,,,,
2056,,2,56,,,,,<3;0.5>,<5;1;2>,<3;0.6>,,,,
2057,,2,57,,,,,<3;0.5>,<5;1;2>,<3;0.6>,,,,
2058,,2,58,,,,,<3;0.5>,<5;1;2>,<3;0.6>,,,,
2059,,2,59,,,,,<3;0.5>,<5;1;2>,<3;0.6>,,,,
2060,,2,60,,,,,<3;0.5>,<5;1;2>,<3;0.6>,,,,
2061,,2,61,,,,,<3;0.5>,<5;1;2>,<3;0.6>,,,,
2062,,2,62,,,,,<3;0.5>,<5;1;2>,<3;0.6>,,,,
2063,,2,63,,,,,<3;0.5>,<5;1;2>,<3;0.6>,,,,
2064,,2,64,,,,,<3;0.5>,<5;1;2>,<3;0.6>,,,,
2065,,2,65,,,,,<3;0.5>,<5;1;2>,<3;0.6>,,,,
2066,,2,66,,,,,<3;0.5>,<5;1;2>,<3;0.6>,,,,
2067,,2,67,,,,,<3;0.5>,<5;1;2>,<3;0.6>,,,,
2068,,2,68,,,,,<3;0.5>,<5;1;2>,<3;0.6>,,,,
2069,,2,69,,,,,<3;0.5>,<5;1;2>,<3;0.6>,,,,
2070,,2,70,,,,,<3;0.5>,<5;1;2>,<3;0.6>,,,,
2071,,2,71,,,,,<3;0.5>,<5;1;2>,<3;0.6>,,,,
2072,,2,72,,,,,<3;0.5>,<5;1;2>,<3;0.6>,,,,
2073,,2,73,,,,,<3;0.5>,<5;1;2>,<3;0.6>,,,,
2074,,2,74,,,,,<3;0.5>,<5;1;2>,<3;0.6>,,,,
2075,,2,75,,,,,<3;0.5>,<5;1;2>,<3;0.6>,,,,
2076,,2,76,,,,,<3;0.5>,<5;1;2>,<3;0.6>,,,,
2077,,2,77,,,,,<3;0.5>,<5;1;2>,<3;0.6>,,,,
2078,,2,78,,,,,<3;0.5>,<5;1;2>,<3;0.6>,,,,
2079,,2,79,,,,,<3;0.5>,<5;1;2>,<3;0.6>,,,,
2080,,2,80,,,,,<3;0.5>,<5;1;2>,<3;0.6>,,,,
2081,,2,81,,,,,<3;0.5>,<5;1;2>,<3;0.6>,,,,
2082,,2,82,,,,,<3;0.5>,<5;1;2>,<3;0.6>,,,,
2083,,2,83,,,,,<3;0.5>,<5;1;2>,<3;0.6>,,,,
2084,,2,84,,,,,<3;0.5>,<5;1;2>,<3;0.6>,,,,
2085,,2,85,,,,,<3;0.5>,<5;1;2>,<3;0.6>,,,,
2086,,2,86,,,,,<3;0.5>,<5;1;2>,<3;0.6>,,,,
2087,,2,87,,,,,<3;0.5>,<5;1;2>,<3;0.6>,,,,
2088,,2,88,,,,,<3;0.5>,<5;1;2>,<3;0.6>,,,,
2089,,2,89,,,,,<3;0.5>,<5;1;2>,<3;0.6>,,,,
2090,,2,90,,,,,<3;0.5>,<5;1;2>,<3;0.6>,,,,
2091,,2,91,,,,,<3;0.5>,<5;1;2>,<3;0.6>,,,,
2092,,2,92,,,,,<3;0.5>,<5;1;2>,<3;0.6>,,,,
2093,,2,93,,,,,<3;0.5>,<5;1;2>,<3;0.6>,,,,
2094,,2,94,,,,,<3;0.5>,<5;1;2>,<3;0.6>,,,,
2095,,2,95,,,,,<3;0.5>,<5;1;2>,<3;0.6>,,,,
2096,,2,96,,,,,<3;0.5>,<5;1;2>,<3;0.6>,,,,
2097,,2,97,,,,,<3;0.5>,<5;1;2>,<3;0.6>,,,,
2098,,2,98,,,,,<3;0.5>,<5;1;2>,<3;0.6>,,,,
2099,,2,99,,,,,<3;0.5>,<5;1;2>,<3;0.6>,,,,
2100,,2,100,,,,,<3;0.5>,<5;1;2>,<3;0.6>,,,,
2101,,2,101,,,,,<3;0.5>,<5;1;2>,<3;0.6>,,,,
2102,,2,102,,,,,<3;0.5>,<5;1;2>,<3;0.6>,,,,
2103,,2,103,,,,,<3;0.5>,<5;1;2>,<3;0.6>,,,,
2104,,2,104,,,,,<3;0.5>,<5;1;2>,<3;0.6>,,,,
2105,,2,105,,,,,<3;0.5>,<5;1;2>,<3;0.6>,,,,
2106,,2,106,,,,,<3;0.5>,<5;1;2>,<3;0.6>,,,,
2107,,2,107,,,,,<3;0.5>,<5;1;2>,<3;0.6>,,,,
2108,,2,108,,,,,<3;0.5>,<5;1;2>,<3;0.6>,,,,
2109,,2,109,,,,,<3;0.5>,<5;1;2>,<3;0.6>,,,,
2110,,2,110,,,,,<3;0.5>,<5;1;2>,<3;0.6>,,,,
2111,,2,111,,,,,<3;0.5>,<5;1;2>,<3;0.6>,,,,
2112,,2,112,,,,,<3;0.5>,<5;1;2>,<3;0.6>,,,,
2113,,2,113,,,,,<3;0.5>,<5;1;2>,<3;0.6>,,,,
2114,,2,114,,,,,<3;0.5>,<5;1;2>,<3;0.6>,,,,
2115,,2,115,,,,,<3;0.5>,<5;1;2>,<3;0.6>,,,,
2116,,2,116,,,,,<3;0.5>,<5;1;2>,<3;0.6>,,,,
2117,,2,117,,,,,<3;0.5>,<5;1;2>,<3;0.6>,,,,
2118,,2,118,,,,,<3;0.5>,<5;1;2>,<3;0.6>,,,,
2119,,2,119,,,,,<3;0.5>,<5;1;2>,<3;0.6>,<4;3>,,,
2120,,2,120,,,,,<3;0.5>,<5;1;2>,<3;0.6>,,,,
2121,,2,121,,,,,<3;0.6>,<5;1;2>,<3;0.6>,,,,
2122,,2,122,,,,,<3;0.6>,<5;1;2>,<3;0.6>,,,,
2123,,2,123,,,,,<3;0.6>,<5;1;2>,<3;0.6>,,,,
2124,,2,124,,,,,<3;0.6>,<5;1;2>,<3;0.6>,,,,
2125,,2,125,,,,,<3;0.6>,<5;1;2>,<3;0.6>,,,,
2126,,2,126,,,,,<3;0.6>,<5;1;2>,<3;0.6>,,,,
2127,,2,127,,,,,<3;0.6>,<5;1;2>,<3;0.6>,,,,
2128,,2,128,,,,,<3;0.6>,<5;1;2>,<3;0.6>,,,,
2129,,2,129,,,,,<3;0.6>,<5;1;2>,<3;0.6>,<4;3>,,,
2130,,2,130,,,,,<3;0.6>,<5;1;2>,<3;0.6>,,,,
2131,,2,131,,,,,<3;0.6>,<5;1;2>,<3;0.6>,,,,
2132,,2,132,,,,,<3;0.6>,<5;1;2>,<3;0.6>,,,,
2133,,2,133,,,,,<3;0.6>,<5;1;2>,<3;0.6>,,,,
2134,,2,134,,,,,<3;0.6>,<5;1;2>,<3;0.6>,,,,
2135,,2,135,,,,,<3;0.6>,<5;1;2>,<3;0.6>,,,,
2136,,2,136,,,,,<3;0.6>,<5;1;2>,<3;0.6>,,,,
2137,,2,137,,,,,<3;0.6>,<5;1;2>,<3;0.6>,,,,
2138,,2,138,,,,,<3;0.6>,<5;1;2>,<3;0.6>,,,,
2139,,2,139,,,,,<3;0.6>,<5;1;2>,<3;0.6>,<4;3>,,,
2140,,2,140,,,,,<3;0.6>,<5;1;2>,<3;0.6>,,,,
2141,,2,141,,,,,<3;0.6>,<5;1;2>,<3;0.6>,,,,
2142,,2,142,,,,,<3;0.6>,<5;1;2>,<3;0.6>,,,,
2143,,2,143,,,,,<3;0.6>,<5;1;2>,<3;0.6>,,,,
2144,,2,144,,,,,<3;0.6>,<5;1;2>,<3;0.6>,,,,
2145,,2,145,,,,,<3;0.6>,<5;1;2>,<3;0.6>,,,,
2146,,2,146,,,,,<3;0.6>,<5;1;2>,<3;0.6>,,,,
2147,,2,147,,,,,<3;0.6>,<5;1;2>,<3;0.6>,,,,
2148,,2,148,,,,,<3;0.6>,<5;1;2>,<3;0.6>,,,,
2149,,2,149,,,,,<3;0.6>,<5;1;2>,<3;0.6>,<4;3>,,,
2150,,2,150,,,,,<3;0.6>,<5;1;2>,<3;0.6>,,,,
2151,,2,151,,,,,<3;0.6>,<5;1;2>,<3;0.6>,,,,
2152,,2,152,,,,,<3;0.6>,<5;1;2>,<3;0.6>,,,,
2153,,2,153,,,,,<3;0.6>,<5;1;2>,<3;0.6>,,,,
2154,,2,154,,,,,<3;0.6>,<5;1;2>,<3;0.6>,,,,
2155,,2,155,,,,,<3;0.6>,<5;1;2>,<3;0.6>,,,,
2156,,2,156,,,,,<3;0.6>,<5;1;2>,<3;0.6>,,,,
2157,,2,157,,,,,<3;0.6>,<5;1;2>,<3;0.6>,,,,
2158,,2,158,,,,,<3;0.6>,<5;1;2>,<3;0.6>,,,,
2159,,2,159,,,,,<3;0.6>,<5;1;2>,<3;0.6>,<4;3>,,,
2160,,2,160,,,,,<3;0.6>,<5;1;2>,<3;0.6>,,,,
2161,,2,161,,,,,<3;0.6>,<5;1;2>,<3;0.6>,,,,
2162,,2,162,,,,,<3;0.6>,<5;1;2>,<3;0.6>,,,,
2163,,2,163,,,,,<3;0.6>,<5;1;2>,<3;0.6>,,,,
2164,,2,164,,,,,<3;0.6>,<5;1;2>,<3;0.6>,,,,
2165,,2,165,,,,,<3;0.6>,<5;1;2>,<3;0.6>,,,,
2166,,2,166,,,,,<3;0.6>,<5;1;2>,<3;0.6>,,,,
2167,,2,167,,,,,<3;0.6>,<5;1;2>,<3;0.6>,,,,
2168,,2,168,,,,,<3;0.6>,<5;1;2>,<3;0.6>,,,,
2169,,2,169,,,,,<3;0.6>,<5;1;2>,<3;0.6>,<4;3>,,,
2170,,2,170,,,,,<3;0.6>,<5;1;2>,<3;0.6>,,,,
2171,,2,171,,,,,<3;0.6>,<5;1;2>,<3;0.6>,,,,
2172,,2,172,,,,,<3;0.6>,<5;1;2>,<3;0.6>,,,,
2173,,2,173,,,,,<3;0.6>,<5;1;2>,<3;0.6>,,,,
2174,,2,174,,,,,<3;0.6>,<5;1;2>,<3;0.6>,,,,
2175,,2,175,,,,,<3;0.6>,<5;1;2>,<3;0.6>,,,,
2176,,2,176,,,,,<3;0.6>,<5;1;2>,<3;0.6>,,,,
2177,,2,177,,,,,<3;0.6>,<5;1;2>,<3;0.6>,,,,
2178,,2,178,,,,,<3;0.6>,<5;1;2>,<3;0.6>,,,,
2179,,2,179,,,,,<3;0.6>,<5;1;2>,<3;0.6>,<4;3>,,,
2180,,2,180,,,,,<3;0.6>,<5;1;2>,<3;0.6>,,,,
2181,,2,181,,,,,<3;0.6>,<5;1;2>,<3;0.6>,,,,
2182,,2,182,,,,,<3;0.6>,<5;1;2>,<3;0.6>,,,,
2183,,2,183,,,,,<3;0.6>,<5;1;2>,<3;0.6>,,,,
2184,,2,184,,,,,<3;0.6>,<5;1;2>,<3;0.6>,,,,
2185,,2,185,,,,,<3;0.6>,<5;1;2>,<3;0.6>,,,,
2186,,2,186,,,,,<3;0.6>,<5;1;2>,<3;0.6>,,,,
2187,,2,187,,,,,<3;0.6>,<5;1;2>,<3;0.6>,,,,
2188,,2,188,,,,,<3;0.6>,<5;1;2>,<3;0.6>,,,,
2189,,2,189,,,,,<3;0.6>,<5;1;2>,<3;0.6>,<4;3>,,,
2190,,2,190,,,,,<3;0.6>,<5;1;2>,<3;0.6>,,,,
2191,,2,191,,,,,<3;0.6>,<5;1;2>,<3;0.6>,,,,
2192,,2,192,,,,,<3;0.6>,<5;1;2>,<3;0.6>,,,,
2193,,2,193,,,,,<3;0.6>,<5;1;2>,<3;0.6>,,,,
2194,,2,194,,,,,<3;0.6>,<5;1;2>,<3;0.6>,,,,
2195,,2,195,,,,,<3;0.6>,<5;1;2>,<3;0.6>,,,,
2196,,2,196,,,,,<3;0.6>,<5;1;2>,<3;0.6>,,,,
2197,,2,197,,,,,<3;0.6>,<5;1;2>,<3;0.6>,,,,
2198,,2,198,,,,,<3;0.6>,<5;1;2>,<3;0.6>,,,,
2199,,2,199,,,,,<3;0.6>,<5;1;2>,<3;0.6>,<4;3>,,,
2200,,2,200,,,,,<3;0.6>,<5;1;2>,<3;0.6>,,,,
3001,,3,1,,,,,<3;0.5>,<5;1;2>,<3;0.6>,,,,
3002,,3,2,,,,,<3;0.5>,<5;1;2>,<3;0.6>,,,,
3003,,3,3,,,,,<3;0.5>,<5;1;2>,<3;0.6>,,,,
3004,,3,4,,,,,<3;0.5>,<5;1;2>,<3;0.6>,,,,
3005,,3,5,,,,,<3;0.5>,<5;1;2>,<3;0.6>,,,,
3006,,3,6,,,,,<3;0.5>,<5;1;2>,<3;0.6>,,,,
3007,,3,7,,,,,<3;0.5>,<5;1;2>,<3;0.6>,,,,
3008,,3,8,,,,,<3;0.5>,<5;1;2>,<3;0.6>,,,,
3009,,3,9,,,,,<3;0.5>,<5;1;2>,<3;0.6>,,,,
3010,,3,10,,,,,<3;0.5>,<5;1;2>,<3;0.6>,,,,
3011,,3,11,,,,,<3;0.5>,<5;1;2>,<3;0.6>,,,,
3012,,3,12,,,,,<3;0.5>,<5;1;2>,<3;0.6>,,,,
3013,,3,13,,,,,<3;0.5>,<5;1;2>,<3;0.6>,,,,
3014,,3,14,,,,,<3;0.5>,<5;1;2>,<3;0.6>,,,,
3015,,3,15,,,,,<3;0.5>,<5;1;2>,<3;0.6>,,,,
3016,,3,16,,,,,<3;0.5>,<5;1;2>,<3;0.6>,,,,
3017,,3,17,,,,,<3;0.5>,<5;1;2>,<3;0.6>,,,,
3018,,3,18,,,,,<3;0.5>,<5;1;2>,<3;0.6>,,,,
3019,,3,19,,,,,<3;0.5>,<5;1;2>,<3;0.6>,,,,
3020,,3,20,,,,,<3;0.5>,<5;1;2>,<3;0.6>,,,,
3021,,3,21,,,,,<3;0.5>,<5;1;2>,<3;0.6>,,,,
3022,,3,22,,,,,<3;0.5>,<5;1;2>,<3;0.6>,,,,
3023,,3,23,,,,,<3;0.5>,<5;1;2>,<3;0.6>,,,,
3024,,3,24,,,,,<3;0.5>,<5;1;2>,<3;0.6>,,,,
3025,,3,25,,,,,<3;0.5>,<5;1;2>,<3;0.6>,,,,
3026,,3,26,,,,,<3;0.5>,<5;1;2>,<3;0.6>,,,,
3027,,3,27,,,,,<3;0.5>,<5;1;2>,<3;0.6>,,,,
3028,,3,28,,,,,<3;0.5>,<5;1;2>,<3;0.6>,,,,
3029,,3,29,,,,,<3;0.5>,<5;1;2>,<3;0.6>,,,,
3030,,3,30,,,,,<3;0.5>,<5;1;2>,<3;0.6>,,,,
3031,,3,31,,,,,<3;0.5>,<5;1;2>,<3;0.6>,,,,
3032,,3,32,,,,,<3;0.5>,<5;1;2>,<3;0.6>,,,,
3033,,3,33,,,,,<3;0.5>,<5;1;2>,<3;0.6>,,,,
3034,,3,34,,,,,<3;0.5>,<5;1;2>,<3;0.6>,,,,
3035,,3,35,,,,,<3;0.5>,<5;1;2>,<3;0.6>,,,,
3036,,3,36,,,,,<3;0.5>,<5;1;2>,<3;0.6>,,,,
3037,,3,37,,,,,<3;0.5>,<5;1;2>,<3;0.6>,,,,
3038,,3,38,,,,,<3;0.5>,<5;1;2>,<3;0.6>,,,,
3039,,3,39,,,,,<3;0.5>,<5;1;2>,<3;0.6>,,,,
3040,,3,40,,,,,<3;0.5>,<5;1;2>,<3;0.6>,,,,
3041,,3,41,,,,,<3;0.5>,<5;1;2>,<3;0.6>,,,,
3042,,3,42,,,,,<3;0.5>,<5;1;2>,<3;0.6>,,,,
3043,,3,43,,,,,<3;0.5>,<5;1;2>,<3;0.6>,,,,
3044,,3,44,,,,,<3;0.5>,<5;1;2>,<3;0.6>,,,,
3045,,3,45,,,,,<3;0.5>,<5;1;2>,<3;0.6>,,,,
3046,,3,46,,,,,<3;0.5>,<5;1;2>,<3;0.6>,,,,
3047,,3,47,,,,,<3;0.5>,<5;1;2>,<3;0.6>,,,,
3048,,3,48,,,,,<3;0.5>,<5;1;2>,<3;0.6>,,,,
3049,,3,49,,,,,<3;0.5>,<5;1;2>,<3;0.6>,,,,
3050,,3,50,,,,,<3;0.5>,<5;1;2>,<3;0.6>,,,,
3051,,3,51,,,,,<3;0.5>,<5;1;2>,<3;0.6>,,,,
3052,,3,52,,,,,<3;0.5>,<5;1;2>,<3;0.6>,,,,
3053,,3,53,,,,,<3;0.5>,<5;1;2>,<3;0.6>,,,,
3054,,3,54,,,,,<3;0.5>,<5;1;2>,<3;0.6>,,,,
3055,,3,55,,,,,<3;0.5>,<5;1;2>,<3;0.6>,,,,
3056,,3,56,,,,,<3;0.5>,<5;1;2>,<3;0.6>,,,,
3057,,3,57,,,,,<3;0.5>,<5;1;2>,<3;0.6>,,,,
3058,,3,58,,,,,<3;0.5>,<5;1;2>,<3;0.6>,,,,
3059,,3,59,,,,,<3;0.5>,<5;1;2>,<3;0.6>,,,,
3060,,3,60,,,,,<3;0.5>,<5;1;2>,<3;0.6>,,,,
3061,,3,61,,,,,<3;0.5>,<5;1;2>,<3;0.6>,,,,
3062,,3,62,,,,,<3;0.5>,<5;1;2>,<3;0.6>,,,,
3063,,3,63,,,,,<3;0.5>,<5;1;2>,<3;0.6>,,,,
3064,,3,64,,,,,<3;0.5>,<5;1;2>,<3;0.6>,,,,
3065,,3,65,,,,,<3;0.5>,<5;1;2>,<3;0.6>,,,,
3066,,3,66,,,,,<3;0.5>,<5;1;2>,<3;0.6>,,,,
3067,,3,67,,,,,<3;0.5>,<5;1;2>,<3;0.6>,,,,
3068,,3,68,,,,,<3;0.5>,<5;1;2>,<3;0.6>,,,,
3069,,3,69,,,,,<3;0.5>,<5;1;2>,<3;0.6>,,,,
3070,,3,70,,,,,<3;0.5>,<5;1;2>,<3;0.6>,,,,
3071,,3,71,,,,,<3;0.5>,<5;1;2>,<3;0.6>,,,,
3072,,3,72,,,,,<3;0.5>,<5;1;2>,<3;0.6>,,,,
3073,,3,73,,,,,<3;0.5>,<5;1;2>,<3;0.6>,,,,
3074,,3,74,,,,,<3;0.5>,<5;1;2>,<3;0.6>,,,,
3075,,3,75,,,,,<3;0.5>,<5;1;2>,<3;0.6>,,,,
3076,,3,76,,,,,<3;0.5>,<5;1;2>,<3;0.6>,,,,
3077,,3,77,,,,,<3;0.5>,<5;1;2>,<3;0.6>,,,,
3078,,3,78,,,,,<3;0.5>,<5;1;2>,<3;0.6>,,,,
3079,,3,79,,,,,<3;0.5>,<5;1;2>,<3;0.6>,,,,
3080,,3,80,,,,,<3;0.5>,<5;1;2>,<3;0.6>,,,,
3081,,3,81,,,,,<3;0.5>,<5;1;2>,<3;0.6>,,,,
3082,,3,82,,,,,<3;0.5>,<5;1;2>,<3;0.6>,,,,
3083,,3,83,,,,,<3;0.5>,<5;1;2>,<3;0.6>,,,,
3084,,3,84,,,,,<3;0.5>,<5;1;2>,<3;0.6>,,,,
3085,,3,85,,,,,<3;0.5>,<5;1;2>,<3;0.6>,,,,
3086,,3,86,,,,,<3;0.5>,<5;1;2>,<3;0.6>,,,,
3087,,3,87,,,,,<3;0.5>,<5;1;2>,<3;0.6>,,,,
3088,,3,88,,,,,<3;0.5>,<5;1;2>,<3;0.6>,,,,
3089,,3,89,,,,,<3;0.5>,<5;1;2>,<3;0.6>,,,,
3090,,3,90,,,,,<3;0.5>,<5;1;2>,<3;0.6>,,,,
3091,,3,91,,,,,<3;0.5>,<5;1;2>,<3;0.6>,,,,
3092,,3,92,,,,,<3;0.5>,<5;1;2>,<3;0.6>,,,,
3093,,3,93,,,,,<3;0.5>,<5;1;2>,<3;0.6>,,,,
3094,,3,94,,,,,<3;0.5>,<5;1;2>,<3;0.6>,,,,
3095,,3,95,,,,,<3;0.5>,<5;1;2>,<3;0.6>,,,,
3096,,3,96,,,,,<3;0.5>,<5;1;2>,<3;0.6>,,,,
3097,,3,97,,,,,<3;0.5>,<5;1;2>,<3;0.6>,,,,
3098,,3,98,,,,,<3;0.5>,<5;1;2>,<3;0.6>,,,,
3099,,3,99,,,,,<3;0.5>,<5;1;2>,<3;0.6>,<4;3>,,,
3100,,3,100,,,,,<3;0.5>,<5;1;2>,<3;0.6>,,,,
3101,,3,101,,,,,<3;0.5>,<5;1;2>,<3;0.6>,,,,
3102,,3,102,,,,,<3;0.5>,<5;1;2>,<3;0.6>,,,,
3103,,3,103,,,,,<3;0.5>,<5;1;2>,<3;0.6>,,,,
3104,,3,104,,,,,<3;0.5>,<5;1;2>,<3;0.6>,,,,
3105,,3,105,,,,,<3;0.5>,<5;1;2>,<3;0.6>,,,,
3106,,3,106,,,,,<3;0.5>,<5;1;2>,<3;0.6>,,,,
3107,,3,107,,,,,<3;0.5>,<5;1;2>,<3;0.6>,,,,
3108,,3,108,,,,,<3;0.5>,<5;1;2>,<3;0.6>,,,,
3109,,3,109,,,,,<3;0.5>,<5;1;2>,<3;0.6>,<4;3>,,,
3110,,3,110,,,,,<3;0.5>,<5;1;2>,<3;0.6>,,,,
3111,,3,111,,,,,<3;0.5>,<5;1;2>,<3;0.6>,,,,
3112,,3,112,,,,,<3;0.5>,<5;1;2>,<3;0.6>,,,,
3113,,3,113,,,,,<3;0.5>,<5;1;2>,<3;0.6>,,,,
3114,,3,114,,,,,<3;0.5>,<5;1;2>,<3;0.6>,,,,
3115,,3,115,,,,,<3;0.5>,<5;1;2>,<3;0.6>,,,,
3116,,3,116,,,,,<3;0.5>,<5;1;2>,<3;0.6>,,,,
3117,,3,117,,,,,<3;0.5>,<5;1;2>,<3;0.6>,,,,
3118,,3,118,,,,,<3;0.5>,<5;1;2>,<3;0.6>,,,,
3119,,3,119,,,,,<3;0.5>,<5;1;2>,<3;0.6>,<4;3>,,,
3120,,3,120,,,,,<3;0.5>,<5;1;2>,<3;0.6>,,,,
3121,,3,121,,,,,<3;0.6>,<5;1;2>,<3;0.6>,,,,
3122,,3,122,,,,,<3;0.6>,<5;1;2>,<3;0.6>,,,,
3123,,3,123,,,,,<3;0.6>,<5;1;2>,<3;0.6>,,,,
3124,,3,124,,,,,<3;0.6>,<5;1;2>,<3;0.6>,,,,
3125,,3,125,,,,,<3;0.6>,<5;1;2>,<3;0.6>,,,,
3126,,3,126,,,,,<3;0.6>,<5;1;2>,<3;0.6>,,,,
3127,,3,127,,,,,<3;0.6>,<5;1;2>,<3;0.6>,,,,
3128,,3,128,,,,,<3;0.6>,<5;1;2>,<3;0.6>,,,,
3129,,3,129,,,,,<3;0.6>,<5;1;2>,<3;0.6>,<4;3>,,,
3130,,3,130,,,,,<3;0.6>,<5;1;2>,<3;0.6>,,,,
3131,,3,131,,,,,<3;0.6>,<5;1;2>,<3;0.6>,,,,
3132,,3,132,,,,,<3;0.6>,<5;1;2>,<3;0.6>,,,,
3133,,3,133,,,,,<3;0.6>,<5;1;2>,<3;0.6>,,,,
3134,,3,134,,,,,<3;0.6>,<5;1;2>,<3;0.6>,,,,
3135,,3,135,,,,,<3;0.6>,<5;1;2>,<3;0.6>,,,,
3136,,3,136,,,,,<3;0.6>,<5;1;2>,<3;0.6>,,,,
3137,,3,137,,,,,<3;0.6>,<5;1;2>,<3;0.6>,,,,
3138,,3,138,,,,,<3;0.6>,<5;1;2>,<3;0.6>,,,,
3139,,3,139,,,,,<3;0.6>,<5;1;2>,<3;0.6>,<4;3>,,,
3140,,3,140,,,,,<3;0.6>,<5;1;2>,<3;0.6>,,,,
3141,,3,141,,,,,<3;0.6>,<5;1;2>,<3;0.6>,,,,
3142,,3,142,,,,,<3;0.6>,<5;1;2>,<3;0.6>,,,,
3143,,3,143,,,,,<3;0.6>,<5;1;2>,<3;0.6>,,,,
3144,,3,144,,,,,<3;0.6>,<5;1;2>,<3;0.6>,,,,
3145,,3,145,,,,,<3;0.6>,<5;1;2>,<3;0.6>,,,,
3146,,3,146,,,,,<3;0.6>,<5;1;2>,<3;0.6>,,,,
3147,,3,147,,,,,<3;0.6>,<5;1;2>,<3;0.6>,,,,
3148,,3,148,,,,,<3;0.6>,<5;1;2>,<3;0.6>,,,,
3149,,3,149,,,,,<3;0.6>,<5;1;2>,<3;0.6>,<4;3>,,,
3150,,3,150,,,,,<3;0.6>,<5;1;2>,<3;0.6>,,,,
3151,,3,151,,,,,<3;0.6>,<5;1;2>,<3;0.6>,,,,
3152,,3,152,,,,,<3;0.6>,<5;1;2>,<3;0.6>,,,,
3153,,3,153,,,,,<3;0.6>,<5;1;2>,<3;0.6>,,,,
3154,,3,154,,,,,<3;0.6>,<5;1;2>,<3;0.6>,,,,
3155,,3,155,,,,,<3;0.6>,<5;1;2>,<3;0.6>,,,,
3156,,3,156,,,,,<3;0.6>,<5;1;2>,<3;0.6>,,,,
3157,,3,157,,,,,<3;0.6>,<5;1;2>,<3;0.6>,,,,
3158,,3,158,,,,,<3;0.6>,<5;1;2>,<3;0.6>,,,,
3159,,3,159,,,,,<3;0.6>,<5;1;2>,<3;0.6>,<4;3>,,,
3160,,3,160,,,,,<3;0.6>,<5;1;2>,<3;0.6>,,,,
3161,,3,161,,,,,<3;0.6>,<5;1;2>,<3;0.6>,,,,
3162,,3,162,,,,,<3;0.6>,<5;1;2>,<3;0.6>,,,,
3163,,3,163,,,,,<3;0.6>,<5;1;2>,<3;0.6>,,,,
3164,,3,164,,,,,<3;0.6>,<5;1;2>,<3;0.6>,,,,
3165,,3,165,,,,,<3;0.6>,<5;1;2>,<3;0.6>,,,,
3166,,3,166,,,,,<3;0.6>,<5;1;2>,<3;0.6>,,,,
3167,,3,167,,,,,<3;0.6>,<5;1;2>,<3;0.6>,,,,
3168,,3,168,,,,,<3;0.6>,<5;1;2>,<3;0.6>,,,,
3169,,3,169,,,,,<3;0.6>,<5;1;2>,<3;0.6>,<4;3>,,,
3170,,3,170,,,,,<3;0.6>,<5;1;2>,<3;0.6>,,,,
3171,,3,171,,,,,<3;0.6>,<5;1;2>,<3;0.6>,,,,
3172,,3,172,,,,,<3;0.6>,<5;1;2>,<3;0.6>,,,,
3173,,3,173,,,,,<3;0.6>,<5;1;2>,<3;0.6>,,,,
3174,,3,174,,,,,<3;0.6>,<5;1;2>,<3;0.6>,,,,
3175,,3,175,,,,,<3;0.6>,<5;1;2>,<3;0.6>,,,,
3176,,3,176,,,,,<3;0.6>,<5;1;2>,<3;0.6>,,,,
3177,,3,177,,,,,<3;0.6>,<5;1;2>,<3;0.6>,,,,
3178,,3,178,,,,,<3;0.6>,<5;1;2>,<3;0.6>,,,,
3179,,3,179,,,,,<3;0.6>,<5;1;2>,<3;0.6>,<4;3>,,,
3180,,3,180,,,,,<3;0.6>,<5;1;2>,<3;0.6>,,,,
3181,,3,181,,,,,<3;0.6>,<5;1;2>,<3;0.6>,,,,
3182,,3,182,,,,,<3;0.6>,<5;1;2>,<3;0.6>,,,,
3183,,3,183,,,,,<3;0.6>,<5;1;2>,<3;0.6>,,,,
3184,,3,184,,,,,<3;0.6>,<5;1;2>,<3;0.6>,,,,
3185,,3,185,,,,,<3;0.6>,<5;1;2>,<3;0.6>,,,,
3186,,3,186,,,,,<3;0.6>,<5;1;2>,<3;0.6>,,,,
3187,,3,187,,,,,<3;0.6>,<5;1;2>,<3;0.6>,,,,
3188,,3,188,,,,,<3;0.6>,<5;1;2>,<3;0.6>,,,,
3189,,3,189,,,,,<3;0.6>,<5;1;2>,<3;0.6>,<4;3>,,,
3190,,3,190,,,,,<3;0.6>,<5;1;2>,<3;0.6>,,,,
3191,,3,191,,,,,<3;0.6>,<5;1;2>,<3;0.6>,,,,
3192,,3,192,,,,,<3;0.6>,<5;1;2>,<3;0.6>,,,,
3193,,3,193,,,,,<3;0.6>,<5;1;2>,<3;0.6>,,,,
3194,,3,194,,,,,<3;0.6>,<5;1;2>,<3;0.6>,,,,
3195,,3,195,,,,,<3;0.6>,<5;1;2>,<3;0.6>,,,,
3196,,3,196,,,,,<3;0.6>,<5;1;2>,<3;0.6>,,,,
3197,,3,197,,,,,<3;0.6>,<5;1;2>,<3;0.6>,,,,
3198,,3,198,,,,,<3;0.6>,<5;1;2>,<3;0.6>,,,,
3199,,3,199,,,,,<3;0.6>,<5;1;2>,<3;0.6>,<4;3>,,,
3200,,3,200,,,,,<3;0.6>,<5;1;2>,<3;0.6>,,,,
