变量名,type,background,icon,rTitle,zrTitleBg,zrTitle,ruleJson,huodongType,name,desc,openTimeDesc,paramMap,gateSeq,gateSeq2,gateLimitSeq,times,openLevel,openType,beginDate,beginTime,endDate,endTime,openWeekDay,openDuration,awardDesc,intervalCD,sortValue,rankShow,languages,showLevel,openTJType
默认值,"""""",YXKPT/wuseer.png,ICON/SL-exp.png,ICON/SL-exp.png,"""""",ICON/SL-exp.png,ICON/SL-exp.png,0,,,,{},<>,<>,<>,1,1,1,20160101,0,20300101,0,<1;2;3;4;5;6;7>,1,<>,0,,,<cn;tw;en;vn;th;kr>,1,2
ID,唯一标识,活动图标,活动图标2,活动title,活动title,活动title,活动规则对应json,活动关卡类型1:金币2:经验3:幻象4:攻防技,名称,活动简介,活动开放日期简介,活动参数,活动关卡序列1,活动关卡序列2,极限模式,周期内可挑战次数,开放等级,开放周期,开始日期,开始时间,截止日期,结束时间,周期开启序列(周期活动填),持续小时,活动奖励序列,冷却时间,显示等级,战斗评价节点,语言区域,新增,新增
,,,,,,,,,,,,,,,,,,,,,,,,,,,,,,,
1,gold,city/adventure/selectgate/img_bg1.png,city/adventure/selectgate/img_jbfb@.png,00ShuMa/TZFB_res/tz_word_titlejb.png,00ShuMa/TZFB_res/tz_bg_btk.png,00ShuMa/TZFB_res/tz_word_titlejb.png,TZFB_GZ_JB_ui.json,1,金币副本,可获取大量金币道具,每天开放,,<60001;60002;60003;60004;60005;60006;60007>,,<60010;60011;60012;60013;60014;60015;60016;60017;60018;60019;60020;60021;60022;60023;60024;60025;60026;60027;60028;60029;60030;60031;60032;60033;60034;60035;60036;60037;60038;60039;60040;60041;60042;60043;60044;60045;60046;60047;60048;60049;60050;60051;60052;60053;60054;60055;60056;60057;60058;60059>,2,18,,,500,,500,<1;2;3;4;5;6;7>,24,<510;511;512;513;514>,600,2,<35;70;85;100>,,,2
2,exp,city/adventure/selectgate/img_bg2.png,city/adventure/selectgate/img_ds@.png,00ShuMa/TZFB_res/tz_word_titlejy.png,00ShuMa/TZFB_res/tz_bg_btk.png,00ShuMa/TZFB_res/tz_word_titlejy.png,TZFB_GZ_JY_ui.json,2,经验副本,可获取大量经验药水,每天开放,,<60101;60102;60103;60104;60105;60106;60107>,,<60110;60111;60112;60113;60114;60115;60116;60117;60118;60119;60120;60121;60122;60123;60124;60125;60126;60127;60128;60129;60130;60131;60132;60133;60134;60135;60136;60137;60138;60139;60140;60141;60142;60143;60144;60145;60146;60147;60148;60149;60150;60151;60152;60153;60154;60155;60156;60157;60158;60159>,2,26,,,500,,500,<1;2;3;4;5;6;7>,24,<11;12;13;14>,600,3,<7;14;17;20>,,,2
3,gift,city/adventure/selectgate/img_bg3.png,city/adventure/selectgate/img_lwfb@.png,00ShuMa/TZFB_res/huanxiang.png,,00ShuMa/TZFB_res/hx_title.png,TZFB_GZ_HX_ui.json,3,礼物副本,可获得好感度礼物,每天开放,,<60201;60202;60203;60204;60205;60206;60207>,<60251;60252;60253;60254;60255;60256;60257>,,2,30,,,500,,500,<1;2;3;4;5;6;7>,24,<11;12;13;14>,600,4,,,,2
4,frag,city/adventure/selectgate/img_bg4.png,city/adventure/selectgate/img_spfb@.png,00ShuMa/TZFB_res/gongfang.png,00ShuMa/TZFB_res/tz_bg_btk.png,00ShuMa/TZFB_res/gongfang.png,TZFB_GZ_GFJ_ui.json,4,碎片副本,可获得礼物和碎片,每天开放,,,,,2,36,,,500,,500,<1;2;3;4;5;6;7>,24,<11;12;13;14>,600,5,,,,2
5,event,city/adventure/selectgate/img_bg5.png,city/adventure/selectgate/img_wyfb.png,,,,,5,卡比兽挑战,可获取卡比兽碎片,五一活动期间开放,,<60601;60602;60603;60604;60605;60606>,,,3,24,,20200501,500,20200508,500,<1;2;3;4;5;6;7>,168,<510;511;512;513;514>,600,1,,<cn>,,0
7,event,city/adventure/selectgate/img_bg7.png,city/adventure/selectgate/img_ldjfb.png,,,,,5,劳动节挑战,可获取化石翼龙碎片,五一活动期间开放,,<60801;60802;60803;60804;60805;60806>,,,3,24,,20210430,500,20210510,500,<1;2;3;4;5;6;7>,240,<510;511;512;513;514>,600,1,,<cn>,,0
8,event,city/adventure/selectgate/img_bg8.png,city/adventure/selectgate/img_gqhdfb.png,,,,,5,灼热的焰猴,可获取小火焰猴碎片,十一活动期间开放,{fbwkRes=city/adventure/activityselect/img_rcfb_gqwk@.png;tipsRes=city/main/tips_yslyh.png},<60901;60902;60903;60904;60905;60906>,,,3,24,,20210930,500,20211011,500,<1;2;3;4;5;6;7>,264,<510;511;512;513;514>,600,1,,<cn>,,0
12,event,city/adventure/selectgate/img_bg7.png,city/adventure/selectgate/img_ldjfb.png,,,,,5,劳动节挑战,可获取魔尼尼碎片,五一活动期间开放,,<60821;60822;60823;60824;60825;60826>,,,3,24,,20220429,500,20220509,500,<1;2;3;4;5;6;7>,240,<510;511;512;513;514>,600,1,,<cn>,,0
13,event,city/adventure/selectgate/img_bg10.png,city/adventure/selectgate/img_gqhdfb1.png,,,,,5,蚊香蛙皇的诞生,可获取蚊香蝌蚪碎片,十一活动期间开放,{fbwkRes=city/adventure/activityselect/img_rcfb_gqwk1@.png;tipsRes=city/main/tips_mxgq.png},<63101;63102;63103;63104;63105;63106>,,,3,24,,20220930,500,20221010,500,<1;2;3;4;5;6;7>,240,<510;511;512;513;514>,600,1,,<cn;en;en_us;en_eu;kr>,,0
17,event,city/adventure/selectgate/img_bg7.png,city/adventure/selectgate/img_ldjfb.png,,,,,5,劳动节挑战,可获取泳圈鼬碎片,五一活动期间开放,{text=浮潜鼬王者来袭;fbwkRes=city/adventure/activityselect/img_rcfb_gqwk2@.png;tipsRes=city/main/tips_fqywzlx.png},<63121;63122;63123;63124;63125;63126>,,,3,24,,20230428,500,20230508,500,<1;2;3;4;5;6;7>,240,<510;511;512;513;514>,600,1,,<cn>,,0
18,event,city/adventure/selectgate/img_bg3.png,city/adventure/selectgate/img_qiaoyinhou.png,,,,,5,丛林狂野与律动,可获取敲音猴碎片,十一活动期间开放,{text=轰擂金刚猩乱入;fbwkRes=city/adventure/activityselect/img_rcfb_gqwk3@.png;tipsRes=city/main/tips_hljgxlr.png},<63131;63132;63133;63134;63135;63136>,,,3,24,,20230929,500,20231009,500,<1;2;3;4;5;6;7>,240,<510;511;512;513;514>,600,1,,<cn;en;en_us;en_eu>,,0
20,contract,city/adventure/selectgate/img_bg7.png,city/adventure/selectgate/img_qyfb.png,00ShuMa/TZFB_res/gongfang.png,00ShuMa/TZFB_res/tz_bg_btk.png,00ShuMa/TZFB_res/gongfang.png,TZFB_GZ_GFJ_ui.json,7,契约副本,可获得契约道具,契约开放后开放,,<60501;60502;60503;60504;60505;60506;60507>,,,2,82,,,,,,<1;2;3;4;5;6;7>,24,<11;12;13;14>,600,6,,<cn;tw;en;en_us;en_eu;kr>,65,2
21,event,city/adventure/selectgate/img_bg11.png,city/adventure/selectgate/img_sdfb2022@.png,,,,,6,圣诞挑战,可获取树才怪碎片,圣诞节活动期间开放,{fbwkRes=city/adventure/activityselect/img_rcfb_sdwk@.png;tipsRes=city/main/tips_mxsdj@.png;mxRes=city/main/icon_mxsdm@.png},<63141;63142;63143;63144;63145;63146>,,,3,24,,20231222,500,20240103,500,<1;2;3;4;5;6;7>,288,<510;511;512;513;514>,600,1,,<cn>,,0
23,event,city/adventure/selectgate/img_bg7.png,city/adventure/selectgate/img_ldjfb.png,,,,,5,姆克儿训练计划,可获取姆克儿碎片,活动期间开放,{text=姆克儿训练计划启动;fbwkRes=city/adventure/activityselect/img_rcfb_gqwk4@.png;tipsRes=city/main/tips_ldjfb_1.png},<63151;63152;63153;63154;63155;63156>,,,3,24,,20240426,500,20240506,500,<1;2;3;4;5;6;7>,240,<510;511;512;513;514>,600,1,,<cn>,,0
24,event,city/adventure/selectgate/img_bg12.png,city/adventure/selectgate/img_pldq.png,,,,,5,霹雳电球大爆炸,可获取霹雳电球碎片,十一活动期间开放,{text=霹雳电球大爆炸;fbwkRes=city/adventure/activityselect/img_rcfb_pldq@.png;tipsRes=city/main/tips_pldq.png},<63161;63162;63163;63164;63165;63166>,,,3,24,,20240927,500,20241008,500,<1;2;3;4;5;6;7>,264,<510;511;512;513;514>,600,1,,<cn;en;en_us;en_eu>,,0
26,event,city/adventure/selectgate/img_bg13.png,city/adventure/selectgate/img_sd2024@.png,,,,,6,圣诞挑战,可获取苹裹龙碎片,圣诞节活动期间开放,{text=苹裹龙进化记;tipsRes=city/main/tip_sd@.png;fbwkRes=city/adventure/activityselect/img_rcfb_sdwk2@.png;mxRes=city/main/icon_mxsdm@.png},<63171;63172;63173;63174;63175;63176>,,,3,24,,20241220,500,20241231,500,<1;2;3;4;5;6;7>,264,<510;511;512;513;514>,600,1,,<cn>,,0
