变量名,name,languages,logo,res,resAct,resSpine,crossMineResSpine,qFigureres,qRoleSpine,zOrder,resBack,type,showIdx,pos,actPos,desc,unlock,unlockDesc,unavalibleDesc,activeCost,attrNatureType1,attrType1,attrValue1,attrNatureType2,attrType2,attrValue2,attrNatureType3,attrType3,attrValue3,skills,activeLevel,hide,overture,offPos,chattext1,chattext2,chattext3,crossArenaPos,__version
默认值,"""""",<cn;tw;en;vn;th;kr;en_us;en_eu>,"""""","""""","""""","""""","""""","""""","""""",12,"""""",1,0,{x=1750;y=436},{x=0;y=0},"""""",{},"""""","""""",,0,0,"""""",0,0,"""""",0,0,"""""",<>,<>,0,TRUE,{x=160;y=-50},"""""","""""","""""",{x=0;y=0},
ID,名字,语言区域,在列表中的显示,资源路径,战斗姿态,spine资源路径,跨服商业街的spine资源路径,Q版人物形象资源,Q版人物特效,层级,背景路径,分类（1普通2稀有）,同类型中的排序优先级(越大越优先),主角位置,战斗姿态资源位置偏移（针对战斗前动画界面）,描述,解锁条件格式 {条件=数值} 1=等级 2=关卡 5=VIP等级 6=战力 44=竞技场排名 79=训练家等级,解锁条件描述,无解锁条件和消耗且未获取时的描述,激活消耗,自然属性卡牌加成(0表示全部),属性类型1,属性数值1,自然属性卡牌加成(0表示全部),属性类型2,属性数值2,自然属性卡牌加成(0表示全部),属性类型3,属性数值3,解锁技能,技能激活对应role等级,隐藏显示（0为显示）,对话气泡是否需要翻转,对话框的位置偏移,对话内容1,对话内容2,对话内容3,跨服竞技场位置偏移值,__version
1,小智,,config/portrait/toptouxiang/img_role_1@.png,config/big_role/show/img_role_1@.png,config/big_role/show/img_role_1@.png,figure/xiaozhi/xiaozhi.skel,,config/portrait/qbanrenwu/img_role_1.png,qbanrole/q_xiaozhi.skel,,personal/img_bjt.png,,900,,,来自真新镇的训练家，目标是神奇宝贝大师,{1=10},等级到达10级后可解锁,,{gold=30000},,1,220,,9,26,,,,<>,<>,,,,我一定会成为神奇宝贝大师的！,去吧！皮卡丘！就决定是你了！,攻击是最大的防御！,{x=-50;y=0},
2,小霞,,config/portrait/toptouxiang/img_role_2@.png,config/big_role/show/img_role_2@.png,config/big_role/show/img_role_2@.png,figure/xiaoxia/xiaoxia.skel,,config/portrait/qbanrenwu/img_role_2.png,qbanrole/q_xiaoxia.skel,,personal/img_bjt1.png,,800,,,华蓝道馆馆主，水属性精灵的专家,{1=10},等级到达10级后可解锁,,{gold=30000},,1,220,,10,26,,,,<>,<>,,,,是用水属性宝可梦进攻进攻进攻……一个劲儿地进攻！,等我什么时候变得足够强了，我一定要再次出门旅行哟！,这里的海滩好浪漫，我喜欢这里~,{x=-10;y=0},
3,拉普,,config/portrait/toptouxiang/img_role_3@.png,config/big_role/show/img_role_3@.png,config/big_role/act/img_role_3@.png,figure/lapu/lapu.skel,,config/portrait/qbanrenwu/img_role_3.png,qbanrole/q_lapu.skel,,personal/img_bjt.png,,500,,,"骷髅队的手下,常跟伙伴达帕和吉普出现",{1=45},等级到达45级后可解锁,,{rmb=380},,1,1200,,10,60,,,,<>,<>,,,,既然你诚心…哦，不好意思，看错台词了,诸岛巡礼？那是什么，好吃么？,实力，我们有老大就行了！,{x=0;y=0},
4,布尔美丽,<cn;kr;en;tw;en_eu;en_us>,config/portrait/toptouxiang/img_role_4@.png,config/big_role/show/img_role_4@.png,config/big_role/act/img_role_4@.png,figure/buermeili/buermeili.skel,,config/portrait/qbanrenwu/img_role_4.png,qbanrole/q_buermeili.skel,,personal/img_bjt.png,2,700,,,骷髅队干部,{1=1},特殊活动投放,,{2204=1},,7,1%,,8,1%,,,,<70001>,<1>,,,,切，真麻烦，我揍你哦！,哈，这点小事都办不好，你闪开，我来！,我负责统领骷髅队……也就是他们的大姐头。如你所知，这班家伙都笨得要命。,{x=-20;y=0},
5,露美旦,,config/portrait/toptouxiang/img_role_5@.png,config/big_role/show/img_role_5@.png,config/big_role/act/img_role_5@.png,figure/lumeidan/lumeidan.skel,,config/portrait/qbanrenwu/img_role_5.png,qbanrole/lmd.skel,,personal/img_bjt.png,2,600,,,对战宅第的对战女城主之一，四姊妹中的长女,{1=1},竞技场内兑换获得,,{2205=1},,7,1%,,14,100,,,,<70002>,<1>,,,,要来一场愉快的对战么？,我喜欢与各种各样的挑战者进行轮盘对战,兰昼妮的性子有点好胜，有点担心啊,{x=-35;y=0},
6,梅雅利,<cn;kr;en;tw;en_eu;en_us>,config/portrait/toptouxiang/img_role_6@.png,config/big_role/show/img_role_6@.png,config/big_role/act/img_role_6@.png,figure/meiyali/meiyali.skel,,config/portrait/qbanrenwu/img_role_6.png,qbanrole/q_meiyali.skel,,personal/img_bjt.png,2,100,,,照顾幻之神奇宝贝胡帕的少女。在创世之谷与胡帕一同成长。,{1=1},特殊活动投放,,{2244=1},,10,1%,,10,120,,,,<70031>,<1>,,,,我是梅雅利，在负责照顾胡帕,胡帕，加油啊！惩戒什么的，都让他过去吧！,太好了，胡帕，你终于可以自己穿过环了！,{x=20;y=0},
7,三色堇,,config/portrait/toptouxiang/img_role_7@.png,config/big_role/show/img_role_7@.png,config/big_role/show/img_role_7@.png,figure/sansejin/sansejin.skel,,config/portrait/qbanrenwu/img_role_7.png,qbanrole/q_sansejin.skel,,personal/img_bjt.png,,600,,,来自密阿雷市的记者，紫罗兰的姐姐,{1=30},等级到达30级后可解锁,,{rmb=280},,1,900,,9,45,,,,<>,<1>,,,,作为记者，当然是全天24小时都在取材！,你也对果实岛传统收获祭典感兴趣嘛，那真是太好了,并不是所有的信息都是可以报导的哦，人都有点小秘密,{x=0;y=0},
8,紫罗兰,<cn;kr;tw;en;en_us;en_eu>,config/portrait/toptouxiang/img_role_8@.png,config/big_role/show/img_role_8@.png,config/big_role/show/img_role_8@.png,figure/ziluolan/ziluolan.skel,,config/portrait/qbanrenwu/img_role_8.png,qbanrole/ziluolan.skel,,personal/img_bjt.png,2,400,,,卡洛斯地区白檀市白檀道馆道馆馆主，专长为虫属性宝可梦,{1=1},跨服石英大会内兑换获得,,{2208=1},,15,200,,,,,,,<70014>,<1>,,,,我喜欢拍下一切值得拍摄的东西,就让我来拍下你最闪亮的一刻吧！,获胜的秘诀？那就是充满自信！,{x=-55;y=0},
9,西子伊,<cn;kr;tw;en;en_us;en_eu>,config/portrait/toptouxiang/img_role_9@.png,config/big_role/show/img_role_9@.png,config/big_role/act/img_role_9@.png,figure/xiziyi/xiziyi.skel,,config/portrait/qbanrenwu/img_role_9.png,qbanrole/qbxzy.skel,,personal/img_bjt1.png,2,750,,,青海波道馆中的道馆馆主，专长为水属性宝可梦。,{1=1},特殊活动投放,,{2209=1},,9,1%,,10,1%,,,,<70007>,<1>,,,,大海！哦，这片海滩真棒啊！,我的强大就像是大海一样广阔。你一定会吓一跳的！事实胜于雄辩！我们开始吧！,你很强，但在大海面前还是太过渺小！,{x=-30;y=0},
10,杜娟,,config/portrait/toptouxiang/img_role_10@.png,config/big_role/show/img_role_10@.png,config/big_role/act/img_role_10@.png,figure/dujuan/dujuan.skel,,config/portrait/qbanrenwu/img_role_10.png,qbanrole/q_dujuan.skel,,personal/img_bjt.png,,300,,,卡那兹道馆的道馆馆主，学者，专长为岩石属性宝可梦,{1=65},等级到达65级后可解锁,,{rmb=880},,1,1%,,,,,,,<>,<>,,,,你问我什么属性的精灵最好，那还用问么？当然是岩石系啊！,好像有人叫我“醉心于岩石的高材生！”，其实我也没有那么夸张啦,你要使用哪种宝可梦，如何对战，可以告诉我吗？,{x=-40;y=0},
11,阿克罗玛,<cn;kr;en;tw;en_eu;en_us>,config/portrait/toptouxiang/img_role_11@.png,config/big_role/show/img_role_11@.png,config/big_role/show/img_role_11@.png,figure/aklm/aklm.skel,,config/portrait/qbanrenwu/img_role_11.png,qbanrole/aklm.skel,,personal/img_bjt1.png,2,160,,,专注于研究宝可梦隐藏的力量和才能，是个神秘的男人。,{1=1},特殊活动投放,,{2211=1},,1,1%,,,,,,,<70019>,<1>,,,,卫星头?  我挺喜欢别人这样叫我的，因为我是位科学家,据说10号道路上的石头会释放神秘的能量,训练家和精灵之间的羁绊可是非常重要的,{x=-160;y=0},
12,亚莎,,config/portrait/toptouxiang/img_role_12@.png,config/big_role/show/img_role_12@.png,config/big_role/show/img_role_12@.png,figure/yasha/yasha.skel,,config/portrait/qbanrenwu/img_role_12.png,qbanrole/yasha.skel,,personal/img_bjt.png,2,550,,,"釜炎镇的官方道馆，釜炎道馆的道馆馆主,专长为火属性精灵",{1=1},公会内兑换获得,,{2212=1},,10,1%,,,,,,,<70013>,<1>,,,,虽然我是新人道馆馆主，别小看我哦,强行用严厉口气说话，还真不太适合我,一天劳累之后，去泡个温泉吧,{x=-30;y=0},
13,修,,config/portrait/toptouxiang/img_role_13@.png,config/big_role/show/img_role_13@.png,config/big_role/act/img_role_13@.png,figure/xiu/xiu.skel,,config/portrait/qbanrenwu/img_role_13.png,qbanrole/q_xiu.skel,,personal/img_bjt1.png,2,900,,{x=-200;y=0},热衷于宝可梦对战和变强，是个疼爱妹妹的好哥哥。,{5=15},贵族15级可解锁,,{2213=1},,7,2%,,8,2%,,,,<70006>,<1>,,,,除了变强，还有什么别的东西需要在意么！,有时间在意那些女生的话不如去特训啊！,别来烦我！,{x=0;y=0},
14,霍米加,,config/portrait/toptouxiang/img_role_14@.png,config/big_role/show/img_role_14@.png,config/big_role/show/img_role_14@.png,figure/huomijia/huomijia.skel,,config/portrait/qbanrenwu/img_role_14.png,qbanrole/q_huomijia.skel,,personal/img_bjt.png,2,450,,,立涌道馆的道馆馆主，专长为毒属性宝可梦,{1=1},石英大会内兑换获得,,{2214=1},,13,24,,,,,,,<70009>,<1>,,,,毒奏吾命，毒奏舞台！,上吧！！我要打爆你的理性！！,等一下！还在调音！,{x=-100;y=170},
15,白露,,config/portrait/toptouxiang/img_role_15@.png,config/big_role/show/img_role_15@.png,config/big_role/act/img_role_15@.png,figure/bailu/bailu.skel,,config/portrait/qbanrenwu/img_role_15.png,qbanrole/q_bailu.skel,,personal/img_bjt.png,2,730,,,一个我行我素的女孩，有时会因为看不清自己的梦想而烦恼。,{1=1},特殊活动投放,,{2215=1},,1,1%,,8,1%,,,,<70015>,<1>,,,,来吧，对战吧！,下次道馆赛能不能赢呢，不安,要为自己的精灵穿上亲手织的毛衣不是常识么！,{x=0;y=0},
16,可尔妮,,config/portrait/toptouxiang/img_role_16@.png,config/big_role/show/img_role_16@.png,config/big_role/act/img_role_16@.png,figure/keerni/keerni.skel,,config/portrait/qbanrenwu/img_role_16.png,qbanrole/q_keerni.skel,,personal/img_bjt.png,2,850,,,卡洛斯地区娑罗市道馆的道馆馆主，专长为格斗属性宝可梦,{5=11},贵族11级可解锁,,{2216=1},,1,2%,,,,,,,<70005>,<1>,,,,开玩笑的啦！,你们的羁绊，可以发挥空前绝后的力量！,互相给予勇气，互相关心对方，只要有这样的善良，就一定能展现出笑脸！,{x=-80;y=50},
17,兰昼妮,<cn;kr;tw;en;en_us;en_eu>,config/portrait/toptouxiang/img_role_17@.png,config/big_role/show/img_role_17@.png,config/big_role/act/img_role_17@.png,figure/lanzhouni/lanzhouni.skel,,config/portrait/qbanrenwu/img_role_17.png,qbanrole/qblcn.skel,,personal/img_bjt.png,2,280,,,对战宅第的对战女城主之一，四姊妹中的次女,{1=1},对战竞技场内获得,,{2217=1},,8,1%,,,,,,,<70016>,<1>,,,,心火被点燃了呢,妹妹太腼腆了，一起打双打对决都没什么话,对战宅第女城主是不会输的,{x=20;y=50},
18,露夕华,<cn;kr;tw;en;en_us;en_eu>,config/portrait/toptouxiang/img_role_18@.png,config/big_role/show/img_role_18@.png,config/big_role/act/img_role_18@.png,figure/luxihua/hero_luxihua.skel,,config/portrait/qbanrenwu/img_role_18.png,qbanrole/luxihua.skel,,personal/img_bjt.png,2,260,,{x=-160;y=0},对战宅第的对战女城主之一，四姊妹中的三女,{1=1},对战竞技场内获得,,{2218=1},,10,1%,,,,,,,<70017>,<1>,,,,听说有人用小帕奇赢了冠军赛，你知道详情么,小帕奇那么可爱，怎么会被叫成恶魔嘛,交流的事情还是交给姐姐们吧,{x=-40;y=50},
19,兰妞夜,<cn;kr;tw;en;en_us;en_eu>,config/portrait/toptouxiang/img_role_19@.png,config/big_role/show/img_role_19@.png,config/big_role/act/img_role_19@.png,figure/lanniuye/lanniuye.skel,,config/portrait/qbanrenwu/img_role_19.png,qbanrole/q_lanniuye.skel,,personal/img_bjt.png,2,710,,{x=-150;y=0},对战宅第的对战女城主之一，四姊妹中的幺女。,{1=1},特殊活动投放,,{2219=1},,8,1%,,,,,,,<70021>,<1>,,,,那么接下来要让拉我的尽兴哟！做好觉悟吧！哈呀！！,诶 嘿,我实力可不比姐姐们弱哦,{x=60;y=50},
20,芦荟,,config/portrait/toptouxiang/img_role_20@.png,config/big_role/show/img_role_20@.png,config/big_role/act/img_role_20@.png,figure/luhui/luhui.skel,,config/portrait/qbanrenwu/img_role_20.png,qbanrole/luhui.skel,,personal/img_bjt.png,2,650,,,七宝道馆的道馆馆主。专长为一般属性宝可梦。,{79=5},冒险执照等级达到5级后可解锁,,{rmb=280},,1,1200,,10,60,,,,<70004>,<1>,,,,挑战者，我即将向你那里研究你在挑战中到底有多疼爱你的宝可梦！,你的作战方式真是迷人！,真是了不起，得好好表扬你才行啊！,{x=70;y=20},
21,斗子,,config/portrait/toptouxiang/img_role_21@.png,config/big_role/show/img_role_21@.png,config/big_role/act/img_role_21@.png,figure/douzi/douzi.skel,,config/portrait/qbanrenwu/img_role_21.png,qbanrole/q_douzi.skel,,personal/img_bjt.png,2,800,,,是《黑／白》的女性主角，儿时伙伴为黑连和白露,{5=7},贵族7级可解锁,,{2221=1},,7,1%,,8,1%,,,,<70003>,<1>,,,,玩得好爽啊！下次我们再来一场哦！,开始得晚不代表一定会弱哦！,一起去成为英雄吧！,{x=0;y=0},
22,芽衣,,config/portrait/toptouxiang/img_role_22@.png,config/big_role/act/img_role_22@.png,config/big_role/act/img_role_22@.png,figure/yayi/yayi.skel,,config/portrait/qbanrenwu/img_role_22.png,qbanrole/yy.skel,,personal/img_bjt.png,2,500,,,来自桧扇市的少女，在游戏的开始中会跟童年好友兼劲敌修一起从此开展旅程。,{1=1},公会战内兑换获得,,{2222=1},,1,1%,,,,,,,<70008>,<1>,,,,咱们来成为无敌的组合吧！,对战真是个好棒的感觉哦！,我要变得更强，希望有一天跟别的训练家尽力战斗！,{x=60;y=30},
23,弥莉丝,<cn;kr;tw;en;en_us;en_eu>,config/portrait/toptouxiang/img_role_23@.png,config/big_role/act/img_role_23@.png,config/big_role/act/img_role_23@.png,figure/milisi/milisi.skel,,config/portrait/qbanrenwu/img_role_23.png,qbanrole/nls.skel,,personal/img_bjt.png,2,705,,,双人组大盗贼之一，企图抓蒂安希来获得到她的钻石；后改邪归正，开了一家巧克力店。,{1=1},特殊活动投放,,{2223=1},,10,1%,,,,,,,<70022>,<1>,,,,火箭队，来一次正面的较量吧！,布里卡隆似乎很喜欢我的披肩emmm,可惜 ，原来蒂安希是没有办法制造钻石的！,{x=40;y=0},
24,芙蓉,<cn;kr;tw;en;en_us;en_eu>,config/portrait/toptouxiang/img_role_24@.png,config/big_role/act/img_role_24@.png,config/big_role/act/img_role_24@.png,figure/furong/furong.skel,,config/portrait/qbanrenwu/img_role_24.png,qbanrole/q_furong.skel,,personal/img_bjt.png,2,720,,{x=-180;y=0},丰缘四天王的一员，也是幽灵属性专家,{1=10},特殊活动投放,,{2224=1},,7,1%,,,,,,,<70010>,<1>,,,,你和你的精灵之间也会有着很强的牵绊吗？,过去我在送神山修行时得到了能与幽灵宝系精灵亲密交流的能力,迷惑对手作战，干扰再干扰。,{x=-100;y=20},
25,水莲,<cn;kr;tw;en;en_us;en_eu>,config/portrait/toptouxiang/img_role_25@.png,config/big_role/act/img_role_25@.png,config/big_role/act/img_role_25@.png,figure/shuilian/shuilian.skel,,config/portrait/qbanrenwu/img_role_25.png,qbanrole/qbsl.skel,,personal/img_bjt.png,2,300,,,阿罗拉地区中阿卡拉岛的队长，精通水属性,{1=1},钓鱼商店内兑换获得,,{2225=1},,9,1%,,,,,,,<70011>,<1>,,,,只要是水里的精灵我都很喜欢哦,有空一起去钓鱼吧,潮汐海岸能钓到盖欧卡哦（笑）,{x=-100;y=80},
26,碧蓝,,config/portrait/toptouxiang/img_role_26@.png,config/big_role/act/img_role_26@.png,config/big_role/act/img_role_26@.png,figure/bilan/bilan.skel,,config/portrait/qbanrenwu/img_role_26.png,qbanrole/qbxl.skel,,personal/img_bjt.png,,200,,,《火红／叶绿》中的女性主角,{1=75},等级到达75级后可解锁,,{rmb=1080},,9,1%,,10,1%,,,,<>,<>,,,,算了算了！就让我再确认一次你的实力吧！,真是的！怎么回事嘛……,我是不会放弃的！,{x=0;y=60},
27,小刚,,config/portrait/toptouxiang/img_role_27@.png,config/big_role/show/img_role_27@.png,config/big_role/show/img_role_27@.png,figure/xiaogang/xiaogang.skel,,config/portrait/qbanrenwu/img_role_27.png,qbanrole/qbxg.skel,,personal/img_bjt.png,,700,,,尼比道馆道馆训练家，擅长岩石系精灵,{1=20},等级到达20级后可解锁,,{gold=100000},,7,100,,9,48,,,,<>,<>,,,,我的意志坚如磐石！,那边似乎有漂亮的大姐姐， 去打个招呼吧~,好！是时候履行我们的诺言了！,{x=0;y=0},
28,碧珂,,config/portrait/toptouxiang/img_role_28@.png,config/big_role/show/img_role_28@.png,config/big_role/show/img_role_28@.png,figure/bike/bike.skel,,config/portrait/qbanrenwu/img_role_28.png,qbanrole/q_bike.skel,,personal/img_bjt1.png,2,350,,,以太乐园的副分部长。性格非常体贴的缘故，被员工们仰慕着。,{1=1},以太乐园内兑换获得,,{2228=1},,9,1%,,,,,,,<70012>,<1>,,,,战斗数据不太理想的样子呢，看来还需要训练,如果你以后想加入研究所，可以来找我哦,比起对战，我更喜欢研究呢,{x=-40;y=0},
29,达帕,,config/portrait/toptouxiang/img_role_29@.png,config/big_role/show/img_role_29@.png,config/big_role/act/img_role_29@.png,figure/dapa/dapa.skel,,config/portrait/qbanrenwu/img_role_29.png,qbanrole/dp.skel,,personal/img_bjt1.png,,400,,,"骷髅队手下,常跟同伴吉普和拉普出现",{1=55},等级到达55级后可解锁,,{rmb=380},,7,580,,8,580,,,,<>,<>,,,,我就大发慈悲地告诉你...…哦，不好意思，看我也错台词了,我才不想去做诸岛巡礼这种麻烦的事情呢~,即便实力不足，只要气势够，就足够了~,{x=0;y=0},
30,库库伊,,config/portrait/toptouxiang/img_role_30@.png,config/big_role/show/img_role_30@.png,config/big_role/act/img_role_30@.png,figure/kukuyi/kukuyi.skel,,config/portrait/qbanrenwu/img_role_30.png,qbanrole/kky.skel,,personal/img_bjt.png,2,,,{x=-230;y=0},阿罗拉地区的宝可梦博士，专长为研究宝可梦的招式，隐藏身份是职业摔角手皇家蒙面人。,{1=10},特殊活动投放,,{2253=1},,1,1%,,,,,,,<70041>,<1>,,,,我是宝可梦博士库库伊！我在研究宝可梦的招式。当然，我也非常喜欢宝可梦对战！,阿罗拉地区的冠军跟你差不多年纪呢！,没错！有时我会用自己的身体去承受招式的攻击，以此来确认它的威力！！,{x=-200;y=20},
31,艾岚,,config/portrait/toptouxiang/img_role_31@.png,config/big_role/show/img_role_31@.png,config/big_role/show/img_role_31@.png,figure/ailan/ailan.skel,,config/portrait/qbanrenwu/img_role_31.png,qbanrole/qbaf.skel,,personal/img_bjt.png,2,,,,原为布拉塔诺博士的研究员，为了探究超进化的秘密和迈向最强超进化的训练家之路，带小火龙一同离开研究院踏上旅程。在卡洛斯联盟决赛中，以超级喷火龙X打败了小智版甲贺忍蛙，获得了冠军,{1=10},竞技场内兑换获得,,{2231=1},,,,,,,,,,<>,<>,1,,,想要保护对自己重要的人，就要成为最强！,喷火龙，回应我的心吧，进化钥匙！超越进化吧，超进化！,目标是最强超进化！喷火龙，我们一起站到最强的巅峰吧！,{x=0;y=40},
32,大木博士,<cn;kr;tw;en;en_us;en_eu>,config/portrait/toptouxiang/img_role_32@.png,config/big_role/show/img_role_32@.png,config/big_role/show/img_role_32@.png,figure/damuboshi/damuboshi.skel,,config/portrait/qbanrenwu/img_role_32.png,qbanrole/qbdmbs.skel,,personal/img_bjt2.png,2,,,,关东地区非常具有威望的精灵研究专家，并且是图鉴的创作人之一，主要研究方向为精灵行为。,{1=1},特殊活动投放,,{2232=1},,7,580,,8,580,,,,<70039>,<1>,,,,为何如此努力呢？,感受精灵的信赖与爱，不要忘记这一点哦！,向着充满梦想与冒险的世界出发吧！,{x=-40;y=0},
33,朗日,<cn;kr;tw;en;en_us;en_eu>,config/portrait/toptouxiang/img_role_33@.png,config/big_role/show/img_role_33@.png,config/big_role/show/img_role_33@.png,figure/langri/langri.skel,,config/portrait/qbanrenwu/img_role_33.png,qbanrole/qblq.skel,,personal/img_bjt.png,2,100,,,阿罗拉地区的少年训练家，在打败了四天王后成为了初代阿罗拉联盟冠军，也是阿罗拉图鉴的大师，后受邀加入国际警察,{1=1},特殊活动投放,,{2239=1},,9,1%,,9,120,,,,<70030>,<1>,,,,只要尽情地呼吸新鲜空气，我就觉得自己好像重生了呢！,我非常期待和你一起去探索未知的地方喔！,你知道吗，阿罗拉是「午安」或「你好」的意思喔！,{x=0;y=0},
34,美月,<cn;kr;tw;en;en_us;en_eu>,config/portrait/toptouxiang/img_role_34@.png,config/big_role/show/img_role_34@.png,config/big_role/show/img_role_34@.png,figure/meiyue/my.skel,,config/portrait/qbanrenwu/img_role_34.png,qbanrole/meiyue.skel,,personal/img_bjt.png,2,695,,,天才少女训练家，曾拿过阿罗拉联盟冠军，阿罗拉图鉴的大师，后受邀加入国际警察,{1=1},特殊活动投放,,{2240=1},,10,1%,,10,120,,,,<70029>,<1>,,,,美乐美乐岛，我来了!,谢谢大家为我准备的宴会，我会继续加油的,我相信一定会再次遇到卡璞・鸣鸣的,{x=-70;y=0},
35,小次郎,<cn;kr;tw;en;en_us;en_eu>,config/portrait/toptouxiang/img_role_35@.png,config/big_role/show/img_role_35@.png,config/big_role/act/img_role_35@.png,figure/xiaocilang/xiaocilang.skel,,config/portrait/qbanrenwu/img_role_35.png,qbanrole/q_xiaocilang.skel,,personal/img_bjt3.png,2,175,,,火箭队成员，性格温和，出生于上流社会，后叛逆离家出走，认识了现在的同伴武藏、喵喵两人；三人总是跟着小智一行，企图抢走小智的皮卡丘，但从没成功过。,{1=1},特殊活动投放,,{2241=1},,7,1%,,7,240,,,,<70026>,<1>,,,,既然你诚心诚意的发问了，我们就大发慈悲的告诉你！,为了防止世界被破坏，为了守护世界的和平；贯彻爱与真实的邪恶，可爱又迷人的反派角色。,"武藏！小次郎！ 我们是穿梭在银河的火箭队！白洞，白色的明天在等着我们！ (就是这样, 喵!)",{x=0;y=0},
36,武藏,<cn;kr;tw;en;en_us;en_eu>,config/portrait/toptouxiang/img_role_36@.png,config/big_role/show/img_role_36@.png,config/big_role/act/img_role_36@.png,figure/wuzang/wuzang.skel,,config/portrait/qbanrenwu/img_role_36.png,qbanrole/q_wuzang.skel,,personal/img_bjt.png,2,170,,,火箭队成员，性格直率、泼辣，后在火箭队学院认识了现在的同伴小次郎、喵喵两人；三人总是跟着小智一行，企图抢走小智的皮卡丘，但从没成功过。,{1=1},特殊活动投放,,{2242=1},,8,1%,,8,240,,,,<70025>,<1>,,,,既然你诚心诚意的发问了，我们就大发慈悲的告诉你！,为了防止世界被破坏，为了守护世界的和平；贯彻爱与真实的邪恶，可爱又迷人的反派角色。,"武藏！小次郎！ 我们是穿梭在银河的火箭队！白洞，白色的明天在等着我们！ (就是这样, 喵!)",{x=-90;y=0},
37,小智(圣诞限定),<cn;kr;tw;en;en_us;en_eu>,config/portrait/toptouxiang/img_role_37@.png,config/big_role/show/img_role_37@.png,config/big_role/show/img_role_37@.png,figure/xiaozhi_shengdan/shengdan_xiaozhi.skel,,config/portrait/qbanrenwu/img_role_37.png,qbanrole/xzsdj.skel,,personal/img_bjt.png,2,200,,,"一身圣诞时装的真新镇训练家, 梦想成为宝可梦大师的十岁少年",{1=10},特殊活动投放,,{2237=1},,9,120,,10,120,,,,<70020>,<1>,,,,圣诞~~快乐！,糟糕，圣诞蛋糕忘买了！,皮卡丘，我们去找圣诞老人和信使鸟一起送礼物吧！,{x=-50;y=0},
38,小霞(圣诞限定),<cn;kr;tw;en;en_us;en_eu>,config/portrait/toptouxiang/img_role_38@.png,config/big_role/show/img_role_38@.png,config/big_role/show/img_role_38@.png,figure/xiaoxia_shengdan/shengdan_xiaoxia.skel,,config/portrait/qbanrenwu/img_role_38.png,qbanrole/xxsdj.skel,,personal/img_bjt4.png,2,180,,,"一身圣诞时装的华蓝道馆馆主, 性格活泼, 非常向往强大的训练家",{1=10},特殊活动投放,,{2238=1},,1,2400,,,,,,,<70018>,<1>,,,,你能在圣诞节陪我一起去趟海角小屋吗，拜托了！,好期待下雪的圣诞节，波克比一定会很喜欢的！,趁着节日，出门旅行吧！,{x=-20;y=0},
39,水莲(夏日限定),<cn;kr;tw;en;en_us;en_eu>,config/portrait/toptouxiang/img_role_39@.png,config/big_role/show/img_role_39@.png,config/big_role/show/img_role_39@.png,figure/shuilian_yongzhuang/yongzhuang_shuilian.skel,,config/portrait/qbanrenwu/img_role_39.png,qbanrole/slyz.skel,,personal/img_bjt.png,2,150,,,夏日着装的水莲，喜欢骑着拉普拉斯在海中钓鱼,{1=10},特殊活动投放,,{2243=1},,10,1%,,,,,,,<70032>,<1>,,,,一起去海滩玩耍吧~,你想要钓鱼的心情，我完全可以理解！,是来自大海的呼唤~（笑）,{x=70;y=-40},
40,格拉吉欧,<cn;kr;tw;en;en_us;en_eu>,config/portrait/toptouxiang/img_role_40@.png,config/big_role/show/img_role_40@.png,config/big_role/show/img_role_40@.png,figure/gelajiou/gelajiou.skel,,config/portrait/qbanrenwu/img_role_40.png,qbanrole/gljo.skel,,personal/img_bjt.png,2,120,,,苍月的贵公子，骷髅队的保镖，亦是以太基金会理事长露莎米奈的儿子，莉莉艾的哥哥,{1=10},特殊活动投放,,{2245=1},,7,1%,,7,240,,,,<70036>,<1>,,,,骷髅队……那时候我觉得只要能让我们变强，做什么都无所谓,银伴战兽，他以前叫做属性：空，是过去为了某个目的而被制造出来的。,我有个妹妹，她的个性很温和，以前连让宝可梦战斗都不愿意，是个温柔的家伙……实在太过温柔，到了让人担心的地步啊,{x=0;y=0},
41,玛奥,<cn;kr;en;en_us;en_eu;tw>,config/portrait/toptouxiang/img_role_41@.png,config/big_role/show/img_role_41@.png,config/big_role/show/img_role_41@.png,figure/maao/maao.skel,,config/portrait/qbanrenwu/img_role_41.png,qbanrole/ma.skel,,personal/img_bjt4.png,2,110,,,《太阳／月亮》系列动画的女主之一，系列游戏的诸岛巡礼队长之一，艾纳餐馆一名热情开朗的厨师，她喜欢烹饪而且水平不错，但是有些时候她烹饪的品味会变得十分奇特,{1=10},特殊活动投放,,{2246=1},,9,1%,,10,1%,,,,<70033>,<1>,,,,来尝尝我的真本事！,金色花蜜！一切都是为了让幻之料理称为艾纳餐馆的招牌菜！,我的梦想就是让艾纳餐馆成为阿罗拉最好的餐馆！,{x=-40;y=-20},
42,莉莉艾,<cn;kr;tw;en;en_us;en_eu>,config/portrait/toptouxiang/img_role_42@.png,config/big_role/show/img_role_42@.png,config/big_role/show/img_role_42@.png,figure/liliai/liliai.skel,,config/portrait/qbanrenwu/img_role_42.png,qbanrole/lla.skel,,personal/img_bjt1.png,2,100,,,《太阳／月亮》系列的女主之一，“阿罗拉绽放的冰之花”，是阿罗拉地区美乐美乐岛的宝可梦学校的学生，小智的同班同学。她是以太基金会的大小姐，对于宝可梦的知识上是全班第一。,{1=10},特殊活动投放,,{2247=1},,1,1%,,,,,,,<70028>,<1>,,,,我会遇到很多出色的宝可梦，并成为训练家……我会像诸岛巡礼一样，去各地旅行！,能够遇见你们，真是太好了。,所以，我早晚……会回阿罗拉来的！,{x=0;y=0},
43,阿塞萝拉,<cn;kr;tw;en;en_us;en_eu>,config/portrait/toptouxiang/img_role_43@.png,config/big_role/show/img_role_43@.png,config/big_role/show/img_role_43@.png,figure/asll/asll.skel,,config/portrait/qbanrenwu/img_role_43.png,qbanrole/asll.skel,,personal/img_bjt3.png,2,100,,,阿罗拉地区的四天王之一，也是乌拉乌拉岛超值超市旧址的队长，擅长幽灵属性,{1=10},特殊活动投放,,{2248=1},,1,1%,,,,,,,<70038>,<1>,,,,嗨～我是古代的公主，阿塞萝拉！同时也是阿罗拉的四天王喔！,嘎喔～！不给我点心，我就要捣蛋啰！,阿塞萝拉再再再度登场！,{x=-20;y=15},
44,斗子(圣诞限定),<cn;kr;tw;en;en_us;en_eu>,config/portrait/toptouxiang/img_role_44@.png,config/big_role/show/img_role_44@.png,config/big_role/show/img_role_44@.png,figure/douzi_shengdan/shengdan_douzi.skel,,config/portrait/qbanrenwu/img_role_44.png,qbanrole/douzi.skel,,personal/img_bjt.png,2,170,,,穿上圣诞装的鹿子镇少女，《黑／白》的女性主角，儿时伙伴为黑连和白露,{1=10},特殊活动投放,,{2249=1},,1,1%,,,,,,,<70034>,<1>,,,,圣诞节呀！你准备怎么过呢？,好斗的驯鹿好可爱啊！,一起去打雪仗吧！,{x=-20;y=80},
45,美月(新春限定),<cn;kr;en;en_us;en_eu;tw>,config/portrait/toptouxiang/img_role_45@.png,config/big_role/show/img_role_45@.png,config/big_role/show/img_role_45@.png,figure/meiyue_chunjie/chunjie_meiyue.skel,,config/portrait/qbanrenwu/img_role_45.png,qbanrole/myxnsz.skel,,personal/img_bjt.png,2,100,,,穿上新春装扮的美月，天才少女训练家，曾拿过阿罗拉联盟冠军，阿罗拉图鉴的大师，后受邀加入国际警察,{1=10},特殊活动投放,,{2250=1},,9,1%,,,,,,,<70023>,<1>,,,,过年当然要穿新衣服啦！你买了吗？,新的一年会发生什么事呢？激动得睡不着啊！,新的一年也要开朗乐观，拿出不输太阳和月亮的活力好好加油！,{x=-20;y=0},
46,艾岚(活动限定),<cn;kr;en;en_us;en_eu;tw>,config/portrait/toptouxiang/img_role_31@.png,config/big_role/show/img_role_31@.png,config/big_role/show/img_role_31@.png,figure/ailan/ailan.skel,,config/portrait/qbanrenwu/img_role_31.png,qbanrole/qbaf.skel,,personal/img_bjt.png,2,120,,,原为布拉塔诺博士的研究员，为了探究超进化的秘密和迈向最强超进化的训练家之路，带小火龙一同离开研究院踏上旅程。在卡洛斯联盟决赛中，以超级喷火龙X打败了小智版甲贺忍蛙，获得了冠军,{1=10},特殊活动投放,,{2251=1},,7,1%,,8,1%,,,,<70024>,<1>,,,,想要保护对自己重要的人，就要成为最强！,喷火龙，回应我的心吧，进化钥匙！超越进化吧，超进化！,目标是最强超进化！喷火龙，我们一起站到最强的巅峰吧！,{x=0;y=40},
47,小光,<cn;kr;en;en_us;en_eu;tw>,config/portrait/toptouxiang/img_role_46@.png,config/big_role/show/img_role_46@.png,config/big_role/show/img_role_46@.png,figure/xiaoguang/xiaoguang.skel,,config/portrait/qbanrenwu/img_role_46.png,qbanrole/q_xiaoguang.skel,,personal/img_bjt.png,2,100,,,《钻石与珍珠》的女主角，是一名宝可梦协调训练家，小智在神奥地区的旅行同伴之一。口头禅是“没问题”。但事实上当她说“没问题”的时候就是最有问题的时候,{1=10},特殊活动投放,,{2263=1},,1,1%,,,,,,,<70052>,<1>,,,,没问题，没问题！,波加曼，开始了哦，Jump up！,回忆是珍珠！友情是钻石！,{x=-50;y=0},
48,小胜,<cn;kr;en;en_us;en_eu;tw>,config/portrait/toptouxiang/img_role_47@.png,config/big_role/show/img_role_47@.png,config/big_role/show/img_role_47@.png,figure/xiaosheng/xiaosheng.skel,,config/portrait/qbanrenwu/img_role_47.png,qbanrole/qxiaosheng.skel,,personal/img_bjt.png,2,100,,,小胜对宝可梦有着丰富的知识，他个性聪颖，在旅行的途中通常利用自己所知道的知识来帮助大家脱离险境。,{1=10},特殊活动投放,,{2252=1},,10,1%,,10,120,,,,<70044>,<1>,,,,我也要像爸爸一样！,呐，我们做朋友吧！,我的爸爸是最强的！,{x=-30;y=0},
49,希特隆,<cn;kr;en;en_us;en_eu;tw>,config/portrait/toptouxiang/img_role_49@.png,config/big_role/show/img_role_49@.png,config/big_role/show/img_role_49@.png,figure/xitelong/xitelong.skel,,config/portrait/qbanrenwu/img_role_49.png,qbanrole/xitelongq.skel,,personal/img_bjt.png,2,100,,,“照亮世界的发明家”，柚丽嘉的哥哥，擅长发明，富有爱心，是卡洛斯地区密阿雷道馆的道馆训练家,{1=10},特殊活动投放,,{2254=1},,8,1%,,8,240,,,,<70045>,<1>,,,,现在就是科学开拓未来的时刻！希特隆引擎…ON!,柚丽嘉！不是叫你不要再这样说了吗！太丢脸啦！,机巧就是要有一颗爱玩的心，爱玩的心会创造出各式各样的发明，促使技术的进步！释放你的爱玩之心吧！,{x=-30;y=100},
50,莉莉艾(活动限定),<cn>,config/portrait/toptouxiang/img_role_50@.png,config/big_role/show/img_role_50@.png,config/big_role/show/img_role_50@.png,figure/zhongqiuliliai/zhongqiuliliai.skel,,config/portrait/qbanrenwu/img_role_50.png,qbanrole/q_zhongqiu_liliai.skel,,personal/img_bjt.png,2,100,,,正在为参加某项盛大的庆典做准备的盛装造型、可爱打扮的莉莉艾,{1=10},特殊活动投放,,{2255=1},,8,1%,,8,240,,,,<70043>,<1>,,,,只要化妆打扮了，就会让我觉得自己好像跟平时不太一样,我要像这件衣服一样，发挥我的长处，把活力带给许多人！,大家脸上洋溢着灿烂的笑容，这些笑容会为我们创造更灿烂的未来！,{x=-30;y=100},
51,赤焰松,<cn;kr;en;tw;en_eu;en_us>,config/portrait/toptouxiang/img_role_51@.png,config/big_role/show/img_role_51@.png,config/big_role/show/img_role_51@.png,figure/chiyansong/chiyansong.skel,,config/portrait/qbanrenwu/img_role_51.png,qbanrole/q_chiyansong.skel,,personal/img_bjt.png,2,100,,,丰缘地区熔岩队首领，赤焰松的目标是将陆地的面积扩大。为此，他一直在寻找红色宝珠以操控固拉多。因为固拉多喷发出的岩浆冷却后可以变为陆地。,{1=10},特殊活动投放,,{2256=1},,1,1%,,,,,,,<70042>,<1>,,,,我们正在做一项宏伟的事业。好吧，不管这些了……你还年轻。你还没办法理解我们事业的崇高和伟大。,宝可梦，人类，所有的生物都生活在陆地上……那就是熔岩队要扩张世界上的陆地的原因。你难道不同意吗？,蒸发海洋，将这个世界变成一片陆地！,{x=-30;y=100},
52,阿塞萝拉(万圣节),<cn;kr;en;en_us;en_eu;tw>,config/portrait/toptouxiang/img_role_52@.png,config/big_role/show/img_role_52@.png,config/big_role/show/img_role_52@.png,figure/asllws/asllws.skel,,config/portrait/qbanrenwu/img_role_43_1.png,qbanrole/asllwsq.skel,,personal/img_bjt.png,2,100,,,穿上万圣节装扮的阿塞罗拉，阿罗拉地区的四天王之一，也是乌拉乌拉岛超值超市旧址的队长，擅长幽灵属性,{1=10},特殊活动投放,,{2257=1},,8,1%,,8,240,,,,<70037>,<1>,,,,不对战就捣蛋！如果你不跟我打宝可梦对战，我就要捣蛋啰,对战赢的人就可以拿到点心喔！嘿嘿～我拿到了好多糖果和点心！,嘿嘿，你应该对我这身打扮很好奇对吧！？我是想让收集点心的小训练家们开心，才会穿上这件衣服的喔！对了！你也来收集点心吧！,{x=-30;y=100},
53,柚丽嘉,<cn;kr;en;tw;en_eu;en_us>,config/portrait/toptouxiang/img_role_53@.png,config/big_role/show/img_role_53@.png,config/big_role/show/img_role_53@.png,figure/youlijia/youlijia.skel,,config/portrait/qbanrenwu/img_role_53.png,qbanrole/qylj.skel,,personal/img_bjt.png,2,100,,,希特隆的妹妹，是小智在卡洛斯地区旅途中一起旅行的同伴，可靠的小女孩，性格坚强，热爱宝可梦。由于未满十岁，还不是宝可梦训练家，她只能“保管”哥哥的宝可梦。,{1=10},特殊活动投放,,{2258=1},,7,1%,,7,240,,,,<70046>,<1>,,,,大姐姐，keep！我哥哥就拜托你了！,咚咚鼠，蹭脸颊，rua~,小软，来这边来这边，一起来玩吧！,{x=-10;y=-25},
54,芽衣（圣诞限定）,<cn;kr;en;en_us;en_eu;tw>,config/portrait/toptouxiang/img_role_54@.png,config/big_role/show/img_role_54@.png,config/big_role/show/img_role_54@.png,figure/yayi_shengdan/yayi_shengdan.skel,,config/portrait/qbanrenwu/img_role_54.png,qbanrole/yayishendan.skel,,personal/img_bjt.png,2,100,,,一身圣诞时装的可爱元气少女，从桧扇市出发旅行,{1=10},特殊活动投放,,{2259=1},,1,1%,,,,,,,<70047>,<1>,,,,咱们来成为无敌的圣诞组合吧！,圣诞夜一起来对战吧！,Merry Christmas！,{x=-30;y=100},
55,玛奥(新春限定),,config/portrait/toptouxiang/img_role_55@.png,config/big_role/show/img_role_55@.png,config/big_role/show/img_role_55@.png,figure/maao_xinchun/maaoxinchun.skel,,config/portrait/qbanrenwu/img_role_55.png,qbanrole/skeleton.skel,,personal/img_bjt4.png,2,110,,,《太阳／月亮》系列动画的女主之一，系列游戏的诸岛巡礼队长之一，艾纳餐馆一名热情开朗的厨师，她喜欢烹饪而且水平不错，但是有些时候她烹饪的品味会变得十分奇特,{1=10},特殊活动投放,,{2260=1},,7,1%,,8,1%,,,,<70048>,<1>,,,,新年快乐呀！今天的是特地为新年准备的御节料理，快来尝尝吧！,不管是料理还是宝可梦，都要够刺激才有魅力呢！,若是用心去看，就能看到食材散发出的光芒。那就是厨师的直觉喔！,{x=-40;y=-20},
56,天桐,<cn;kr;en;tw;en_us>,config/portrait/toptouxiang/img_role_56@.png,config/big_role/show/img_role_56@.png,config/big_role/show/img_role_56@.png,figure/tiantong/tiantong.skel,,config/portrait/qbanrenwu/img_role_56.png,qbanrole/tiantongqban.skel,,personal/img_bjt4.png,2,110,,,超级愿望的男主角之一，三曜道馆的三兄弟馆主之一，小智在合众地区旅行的同伴，也是一位优秀的宝可梦酒侍,{1=10},特殊活动投放,,{2261=1},,7,1%,,7,240,,,,<70049>,<1>,,,,嗯，芳醇的香味…♪,It's tasting time!,我的佳酿，去吧，花椰猴！,,
57,小茂,<cn;kr;en;en_us;en_eu;tw>,config/portrait/toptouxiang/img_role_57@.png,config/big_role/show/img_role_57@.png,config/big_role/show/img_role_57@.png,figure/xiaomao/xiaomao.skel,,config/portrait/qbanrenwu/img_role_57.png,qbanrole/xiaomaoqban.skel,,personal/img_bjt4.png,2,110,,,小智一起长大的朋友，也是小智的第一个劲敌。也是大木博士的孙子，曾是宝可梦训练家，现为研究员，梦想是成为像他爷爷一样的宝可梦博士。,{1=10},特殊活动投放,,{2262=1},,9,120,,10,120,,,,<70050>,<1>,,,,我知道的还远远不够呢，我要探索宝可梦的不可思议，还有他们的秘密。,有时候我会想，人类会不会也是一种宝可梦呢……,小智，你现在这样真的可以吗？你可是打败过我的人耶。,,
58,莎莉娜,<cn;kr;en;tw;en_us>,config/portrait/toptouxiang/img_role_58@.png,config/big_role/show/img_role_58@.png,config/big_role/show/img_role_58@.png,figure/shalina/shalina.skel,,config/portrait/qbanrenwu/img_role_58.png,qbanrole/shalinaqban.skel,,personal/img_bjt4.png,2,110,,,《X/Y》的女主角之一，宝可梦训练家、宝可梦表演家。来自卡洛斯地区的朝香镇，是小智的旅行同伴,{1=10},特殊活动投放,,{2264=1},,8,1%,,8,240,,,,<70051>,<1>,,,,我果然还是很喜欢表演，我想像爱儿小姐那样，让更多各种各样的人脸上充满笑容,这是我的……我们的梦想，这是一无所有的我，好不容易找到的与小精灵共同的梦想,谢谢你，这样我就有勇气了,,
59,露璃娜,<cn;tw;en;en_eu;en_us;kr>,config/portrait/toptouxiang/img_role_59@.png,config/big_role/show/img_role_59@.png,config/big_role/show/img_role_59@.png,figure/lulina/lulina.skel,,config/portrait/qbanrenwu/img_role_59.png,qbanrole/q_lulina.skel,,personal/img_bjt4.png,2,110,,,水舟竞技场的道馆馆主，伽勒尔地区水属性的专家,{1=10},特殊活动投放,,{2265=1},,1,1%,,,,,,,<70053>,<1>,,,,今天这个美好的日子，你就和我一起度过吧,我和拍档去海里游了一会，现在整个人都清醒了呢,海浪会帮我冲去所有讨厌的事情,,
60,丹帝,<cn;tw;kr;en;en_us>,config/portrait/toptouxiang/img_role_60@.png,config/big_role/show/img_role_60@.png,config/big_role/show/img_role_60@.png,figure/dandi/dandi.skel,,config/portrait/qbanrenwu/img_role_60.png,qbanrole/dandyq.skel,,personal/img_bjt4.png,2,110,,,在宝可梦对战的官方赛事中从未输过，无与伦比的实力与人品兼具的他受到广大的欢迎，是伽勒尔地区名符其实的“最强”宝可梦训练家,{1=10},特殊活动投放,,{2266=1},,7,3%,,8,3%,,,,<70027>,<1>,,,,因为我是个路痴，所以常常会迷路。不过！也是因为这样，才会有意想不到的邂逅！,帕希欧的星空真是美丽啊！要是认真地许愿，或许星星就会坠落到你身旁喔！,已经这个时间了啊！不过我的冠军时刻还没结束喔！,,
61,彩豆,<cn;tw;kr;en;en_us>,config/portrait/toptouxiang/img_role_61@.png,config/big_role/show/img_role_61@.png,config/big_role/show/img_role_61@.png,figure/caidou/caidou.skel,,config/portrait/qbanrenwu/img_role_61.png,qbanrole/q_caidou.skel,,personal/img_bjt4.png,2,110,,,伽勒尔地区的溯传镇溯传竞技场的道馆馆主，是拥有百年历史的伽勒尔空手道的天才，擅长使用格斗属性的宝可梦,{1=10},特殊活动投放,,{2267=1},,7,1%,,7,240,,,,<70054>,<1>,,,,锻炼和饮食之间的关系非常重要,我很喜欢甜点，但我没有跟别人说，可是不知道为什么，我的粉丝们都知道这件事……,晚上我会和拍档谈心。就算语言不通，我的心也会有感应,,
62,卡露妮（活动限定）,<cn;kr;en;en_us;en_eu;tw>,config/portrait/toptouxiang/img_role_62@.png,config/big_role/show/img_role_62@.png,config/big_role/show/img_role_62@.png,figure/zqkaluni/zqkaluni.skel,,config/portrait/qbanrenwu/img_role_62.png,qbanrole/q_zqkaluni.skel,,personal/img_bjt4.png,2,110,,,身着华服的知名女星，同时也是宝可梦训练家，有时似乎会对有实力的训练家表示兴趣,{1=10},特殊活动投放,,{2268=1},,1,1%,,,,,,,<70055>,<1>,,,,欢迎，我是冠军卡露妮,拥有高尚灵魂的训练家和宝可梦的身姿，让我的心激烈地震颤……,如此强大的你和宝可梦们，能绽放出怎样的光辉，我很期待！,,
63,辛俐,<cn;kr;en;tw;en_us>,config/portrait/toptouxiang/img_role_63@.png,config/big_role/show/img_role_63@.png,config/big_role/show/img_role_63@.png,figure/xinli/xinli.skel,,config/portrait/qbanrenwu/img_role_63.png,qbanrole/q_xinli.skel,,personal/img_bjt5.png,2,110,,,辛俐是帕底亚四天王的一员，精通地面属性，此外她也是帕底亚地区宝可梦联盟的面试官,{1=10},特殊活动投放,,{2269=1},,8,1%,,8,240,,,,<70056>,<1>,,,,哟～！听说你贼厉害哈？,我虽然是个美女，但你甭害怕哦,乍看之下，你好像还挺有意思的嘛,,
64,欧尼奥（万圣节）,<cn;kr;en;en_us;en_eu;tw>,config/portrait/toptouxiang/img_role_64@.png,config/big_role/show/img_role_64@.png,config/big_role/show/img_role_64@.png,figure/ouniao/ouniao.skel,,config/portrait/qbanrenwu/img_role_64.png,qbanrole/q_ouniao.skel,,personal/img_bjt5.png,2,110,,,欧尼奥的个性极度内向且胆小，由于害怕别人的目光，因此总是戴着面具。欧尼奥平常很少出现在人前，似乎经常一个人待在遗迹和墓地里,{1=10},特殊活动投放,,{2270=1},,9,1%,,9,120,,,,<70057>,<1>,,,,……我是欧尼奥。请、请多指教,……早安。现在是幽灵宝可梦们睡觉的时间,请、请你不要一直盯着我看……我很怕被别人盯着看……,,
65,玛俐,<cn;kr;en;tw;en_us>,config/portrait/toptouxiang/img_role_65@.png,config/big_role/show/img_role_65@.png,config/big_role/show/img_role_65@.png,figure/mali/mali.skel,,config/portrait/qbanrenwu/img_role_65.png,qbanrole/q_mali.skel,,personal/img_bjt5.png,2,110,,,玛俐拥有不服输的个性，平常喜怒不形于色，但一旦怒火爆发则久久难以平息，而她私底下会试图通过抬起嘴角练习微笑,{1=10},特殊活动投放,,{2271=1},,1,1%,,,,,,,<70060>,<1>,,,,我在海滩上发现了好东西，就把它给你呗！,我很喜欢这套衣服。不过天气好的时候，偶尔会觉得有点热吶,人家也是肩负着很多东西的，所以我绝对不能被打败吶！,,
66,奇树,<cn;kr;en;en_us;en_eu;tw>,config/portrait/toptouxiang/img_role_66@.png,config/big_role/show/img_role_66@.png,config/big_role/show/img_role_66@.png,figure/qishu/qishu.skel,,config/portrait/qbanrenwu/img_role_66.png,qbanrole/q_qishu.skel,,personal/img_bjt5.png,2,110,,,酿光市酿光道馆的道馆馆主，精通电属性宝可梦，同时也是一名人气直播主,{1=10},特殊活动投放,,{2272=1},,8,1%,,,,,,,<70059>,<1>,,,,我虽然很～～高兴，但我毕竟有那么一丁点名气，所以其实是很～忙的哦～！,用电网捕获你的眼球！谁来奇述？奇树来了！早中晚上好哈啰～！,事情突然，可能吓了你一跳。不过！此时此刻的状况……我正在向全世界实况直播～呢！,,
67,莉可（新春限定）,<cn;kr;en;en_us;en_eu;tw>,config/portrait/toptouxiang/img_role_67@.png,config/big_role/show/img_role_67@.png,config/big_role/show/img_role_67@.png,figure/like_xinchun/like_xinchun.skel,,config/portrait/qbanrenwu/img_role_67.png,qbanrole/q_like_xinchun.skel,,personal/img_bjt5.png,2,110,,,就读于石英学园的学生，也是升龙伏特攻击队的一员，拥有神秘的坠饰,{1=10},特殊活动投放,,{2273=1},,1,1%,,,,,,,<70062>,<1>,,,,咚咚咚，过新年就得热热闹闹的,许下新年愿望，这一刻的心情，你能感受到吗？,鼓起勇气，克服顾虑，就像今天的新衣服也是一种尝试,,
68,梅洛可,<cn;kr;en;tw;en_us>,config/portrait/toptouxiang/img_role_68@.png,config/big_role/show/img_role_68@.png,config/big_role/show/img_role_68@.png,figure/meiluoke/meiluoke.skel,,config/portrait/qbanrenwu/img_role_68.png,qbanrole/q_meiluoke.skel,,personal/img_bjt5.png,2,110,,,天星队火帮班，王良四小队的老大，是天星队首屈一指的万事通，遇到任何问题都能强硬解决,{1=10},特殊活动投放,,{2274=1},,7,1%,,7,240,,,,<70058>,<1>,,,,只要看看它的火焰摇曳的样子，想猜出它在想什么就不是难事,对于我们天星队来说，那可是像宝物一样的回忆,从那时候到现在，还真是一点都没变啊,{x=30;y=0},
69,莉可,<cn;en;tw;kr;en_us>,config/portrait/toptouxiang/img_role_69@.png,config/big_role/show/img_role_69@.png,config/big_role/show/img_role_69@.png,figure/like/like.skel,,config/portrait/qbanrenwu/img_role_69.png,qbanrole/q_like.skel,,personal/img_bjt5.png,2,110,,,一名出身于帕底亚地区的少女，以从外婆那里得到的“不可思议的吊坠”为契机，开始了旅行,{1=10},特殊活动投放,,{2275=1},,1,1%,,,,,,,<70063>,<1>,,,,把每天的不开心或者快乐都写进日记里,只要和他们在一起，一定没问题,你也想知道吊坠的秘密吗？它可是我的护身符,,
70,妮莫,<cn;kr;en;en_us;en_eu;tw>,config/portrait/toptouxiang/img_role_70@.png,config/big_role/show/img_role_70@.png,config/big_role/show/img_role_70@.png,figure/nimo/nimo.skel,,config/portrait/qbanrenwu/img_role_70.png,qbanrole/q_nimo.skel,,personal/img_bjt5.png,2,110,,,妮莫是橘子学院的学生会长，性格热情、活泼。作为前辈，她会积极鼓励训练家参与对战，并悉心指导后辈，愿意与后辈交朋友,{1=10},特殊活动投放,,{2277=1},,1,1%,,,,,,,<70064>,<1>,,,,咦？你很紧张？我的声音太大了吗？,我很喜欢宝可梦对战！快，我们开一场对战吧！,原来你就是我的邻居啊，请多关照啦,,
71,八朔,<cn;kr;en;tw;en_us>,config/portrait/toptouxiang/img_role_71@.png,config/big_role/show/img_role_71@.png,config/big_role/show/img_role_71@.png,figure/bashuo/bashuo.skel,,config/portrait/qbanrenwu/img_role_71.png,qbanrole/q_bashuo.skel,,personal/img_bjt5.png,2,110,,,是帕底亚四天王的一员，精通龙属性。身为橘子学院／葡萄学院的老师，负责教美术,{1=10},特殊活动投放,,{2276=1},,1,1%,,,,,,,<70065>,<1>,,,,能如此之快地与你相会，真是大大超出了小生的想象啊,离合格还差一口气哦！加油！加油！,守在技能测验最后一关的，就是小生，龙之八朔,,
72,波琵,<cn;kr;tw;en_us>,config/portrait/toptouxiang/img_role_72@.png,config/big_role/show/img_role_72@.png,config/big_role/show/img_role_72@.png,figure/bopi/bopi.skel,,config/portrait/qbanrenwu/img_role_72.png,qbanrole/q_bopi.skel,,personal/img_bjt5.png,2,110,,,是帕底亚四天王的一员，精通钢属性。本来计划前往橘子学院上学，但因为宝可梦太过强大而无法正常入读，虽然已经是四天王，但还是希望明年能够入读学院,{1=10},特殊活动投放,,{2278=1},,8,1%,,8,240,,,,<70066>,<1>,,,,小巨锻匠来打～扮打扮吧！,期待明年入学，又能认识好多新朋友！,出～来吧！波琵我的好朋友！,,
73,小霞(夏日限定),<cn;kr;en;en_us;en_eu;tw>,config/portrait/toptouxiang/img_role_73@.png,config/big_role/show/img_role_73@.png,config/big_role/show/img_role_73@.png,figure/xiaoxia_xrxd/xiaoxia_xrxd.skel,,config/portrait/qbanrenwu/img_role_73.png,qbanrole/q_xiaoxia_xrxd.skel,,personal/img_bjt5.png,2,110,,,美人鱼妆扮的小霞，宛若龙宫公主，此时的她将吸引所有人的目光,{1=10},特殊活动投放,,{2279=1},,8,1%,,8,240,,,,<70067>,<1>,,,,一起探寻美丽的海洋世界吧～,倾听海风的呼唤，你能听到吗？,海边拾取的美丽贝壳，在阳光下正闪闪发光呢～,,
74,青木,<cn;kr;tw;en_us>,config/portrait/toptouxiang/img_role_74@.png,config/big_role/show/img_role_74@.png,config/big_role/show/img_role_74@.png,figure/qingmu/qingmu.skel,,config/portrait/qbanrenwu/img_role_74.png,qbanrole/qingmu/q_qingmu.skel,,personal/img_bjt5.png,2,110,,,青木是宝可梦联盟的职员，看起来似乎总是非常困倦，在休息之余会前往锦汇镇的著名餐厅“宝食堂”就餐，他非常喜欢这里的烤饭团,{1=10},特殊活动投放,,{2280=1},,7,1%,,7,240,,,,<70069>,<1>,,,,你好，我是青木。请多多指教,嚼啊嚼……咽啊咽……,闲聊太多的话会惹我的上司发火的，赶快开始对战吧,,
75,小智(活动限定),<cn>,config/portrait/toptouxiang/img_role_75@.png,config/big_role/show/img_role_75@.png,config/big_role/show/img_role_75@.png,figure/xiaozhi_wushi/xiaozhi_wushi.skel,,config/portrait/qbanrenwu/img_role_75.png,qbanrole/xiaozhi_wushiq.skel,,personal/img_bjt5.png,2,110,,,来自真新镇的训练家，目标是神奇宝贝大师。此时的他穿上了新的衣装，似乎正要参加什么重大节日,{1=10},特殊活动投放,,{2281=1},,1,1%,,,,,,,<70068>,<1>,,,,就决定是你了！,我是真新镇的小智！,这是我的搭档皮卡丘！,{x=-40;y=-10},
76,小刚(活动限定),<cn;kr;en;en_us;en_eu;tw>,config/portrait/toptouxiang/img_role_76@.png,config/big_role/show/img_role_76@.png,config/big_role/show/img_role_76@.png,figure/xiaogang_hdxd/xiaogang_hdxd.skel,,config/portrait/qbanrenwu/img_role_76.png,qbanrole/xiaogang_hdxd/q_xiaogang_hdxd.skel,,personal/img_bjt5.png,2,110,,,尼比道馆道馆训练家，擅长岩石系精灵,{1=10},特殊活动投放,,{2282=1},,9,1%,,9,120,,,,<70070>,<1>,,,,我的意志坚如磐石！,那边似乎有漂亮的大姐姐， 去打个招呼吧~,好！是时候履行我们的诺言了！,,
80,小次郎（万圣节）,<cn;tw;en_us>,config/portrait/toptouxiang/img_role_80@.png,config/big_role/show/img_role_80@.png,config/big_role/show/img_role_80@.png,figure/xiaocilang_wanshengjie/xiaocilang_wanshengjie.skel,,config/portrait/qbanrenwu/img_role_77.png,qbanrole/q_wsjxcl.skel,,personal/img_bjt5.png,2,110,,,火箭队成员现在要扬帆出海了,{1=10},特殊活动投放,,{2286=1},,10,1%,,10,120,,,,<70071>,<1>,,,,白洞，白色的明天在等着我们！,我今天一定要把你们的宝可梦全部夺走！,我们是无敌的！火箭队！,{x=50;y=-10},
81,紫竽,<cn;tw;en_us>,config/portrait/toptouxiang/img_role_81@.png,config/big_role/show/img_role_81@.png,config/big_role/show/img_role_81@.png,figure/ziyu/zyxj.skel,,config/portrait/qbanrenwu/img_role_81.png,qbanrole/q_zyxj.skel,,personal/img_bjt5.png,2,110,,,是蓝莓学园二年级生，同时也是该校联盟社的成员，蓝莓联盟四天王之一。性格认真且擅长照顾人。,{1=10},特殊活动投放,,{2287=1},,1,1%,,,,,,,<70072>,<1>,,,,可爱的东西最棒了！,我觉得这样不好哦！,出来吧！龙头地鼠！,{x=10;y=-10},
82,奇树（圣诞节）,<cn;tw;en_us;kr>,config/portrait/toptouxiang/img_role_82@.png,config/big_role/show/img_role_82@.png,config/big_role/show/img_role_82@.png,figure/qishushengdan/qishu_sd.skel,,config/portrait/qbanrenwu/img_role_82.png,qbanrole/qbanqishu.skel,,personal/img_bjt5.png,2,110,,,酿光市酿光道馆的道馆馆主，精通电属性宝可梦，同时也是一名人气直播主,{1=10},特殊活动投放,,{2288=1},,8,1%,,,,,,,<70073>,<1>,,,,我虽然很～～高兴，但我毕竟有那么一丁点名气，所以其实是很～忙的哦～！,用电网捕获你的眼球！谁来奇述？奇树来了！早中晚上好哈啰～！,事情突然，可能吓了你一跳。不过！此时此刻的状况……我正在向全世界实况直播～呢！,,
83,武藏（新春限定）,<cn;tw;en_us>,config/portrait/toptouxiang/img_role_83@.png,config/big_role/show/img_role_83@.png,config/big_role/show/img_role_83@.png,figure/wuzang_chunjiexianding/wuzang_chunjiexianding.skel,,config/portrait/qbanrenwu/img_role_83.png,qbanrole/chunjiewuzang.skel,,personal/img_bjt5.png,2,110,,,火箭队成员，性格直率、泼辣，后在火箭队学院认识了现在的同伴小次郎、喵喵两人；三人总是跟着小智一行，企图抢走小智的皮卡丘，但从没成功过。,{1=10},特殊活动投放,,{2289=1},,8,1%,,,,,,,<70074>,<1>,,,,新年快乐！,为了防止世界被破坏，为了守护世界的和平；贯彻爱与真实的邪恶，可爱又迷人的反派角色。,"武藏！小次郎！ 我们是穿梭在银河的火箭队！白洞，白色的明天在等着我们！ (就是这样, 喵!)",{x=-40;y=-10},
84,修（活动限定）,<cn>,config/portrait/toptouxiang/img_role_84@.png,config/big_role/show/img_role_84@.png,config/big_role/show/img_role_84@.png,figure/xiu_yiji/xiu_ds.skel,,config/portrait/qbanrenwu/img_role_84.png,qbanrole/xiu_yiji_q.skel,,personal/img_bjt5.png,2,110,,,来到新地区进行探索的训练家，热衷于宝可梦对战和变强，是个疼爱妹妹的好哥哥。,{1=10},特殊活动投放,,{2290=1},,9,120,,10,120,,,,<70075>,<1>,,,,除了变强，还有什么别的东西需要在意么！,有时间在意那些女生的话不如去特训啊！,别来烦我！,{x=0;y=0},
85,奥琳,<cn>,config/portrait/toptouxiang/img_role_85@.png,config/big_role/show/img_role_85@.png,config/big_role/show/img_role_85@.png,figure/aolin/aolin.skel,,config/portrait/qbanrenwu/img_role_85.png,qbanrole/qban_aolin.skel,,personal/img_bjt5.png,2,110,,,奥琳是帕底亚地区顶尖的宝可梦研究者，专注于太晶化现象与悖谬宝可梦的研究,{1=10},特殊活动投放,,{2291=1},,7,1%,,7,240,,,,<70076>,<1>,,,,你好，年轻的训练家。我是奥琳，帕底亚的宝可梦研究者,你手上的传说钥匙……是解开太晶化秘密的第一步。准备好迎接挑战了吗？,太晶化是让宝可梦超越极限的力量……但也可能撕裂时空。去吧，去第零区寻找答案——我会在终点等你。,,
86,天桐（活动限定）,<cn>,config/portrait/toptouxiang/img_role_86@.png,config/big_role/show/img_role_86@.png,config/big_role/show/img_role_86@.png,figure/tiantong_wuyi/tiantong_wuyi.skel,,config/portrait/qbanrenwu/img_role_86.png,qbanrole/qban_tiantong_wuyi.skel,,personal/img_bjt5.png,2,110,,,超级愿望的男主角之一，三曜道馆的三兄弟馆主之一，小智在合众地区旅行的同伴，也是一位优秀的宝可梦酒侍,{1=10},特殊活动投放,,{2292=1},,9,1%,,9,120,,,,<70077>,<1>,,,,嗯，芳醇的香味…♪,It's tasting time!,我的佳酿，去吧，花椰猴！,{x=50;y=-10},
87,丹瑜,<cn>,config/portrait/toptouxiang/img_role_87@.png,config/big_role/show/img_role_87@.png,config/big_role/show/img_role_87@.png,figure/danyu/danyu.skel,,config/portrait/qbanrenwu/img_role_87.png,qbanrole/qban_danyu.skel,,personal/img_bjt5.png,2,110,,,来自北上乡，是蓝莓学园的在校生，联盟社成员。性格倔强、略微任性，虽然拙于表达但总是关心着弟弟乌栗。对于从其他地区来的人，她似乎会有较冷淡的态度,{1=10},特殊活动投放,,{2293=1},,7,1%,,7,240,,,,<70078>,<1>,,,,哦哟~？想不到你这家伙还挺温柔的！,要拍了哦……一起说~皮皮！,昨天的……那个！你没跟任何人说吧！？,{x=50;y=-10},
88,派帕（夏日限定）,<cn;tw;en_us>,config/portrait/toptouxiang/img_role_88@.png,config/big_role/show/img_role_88@.png,config/big_role/show/img_role_88@.png,figure/paipa_summer/paipa_summer.skel,,config/portrait/qbanrenwu/img_role_88.png,qbanrole/paipa_summer_q.skel,,personal/img_bjt5.png,2,110,,,"派帕是橘子学院/葡萄学院的学生，他穿着秋季制服，具有深浅棕发的特征,专注于研究能让宝可梦恢复活力的健康料理",{1=10},特殊活动投放,,{2294=1},,1,1%,,,,,,,<70079>,<1>,,,,虽然我的梦想是想成为能让宝可梦充满活力的厨师，但我也要变得更强！,这是属于我们的宝物！,你们知道，那个时候有多少人在为你们担心吗?,{x=0;y=-10},
90,小光（月兔版）,<cn>,config/portrait/toptouxiang/img_role_90@.png,config/big_role/show/img_role_90@.png,config/big_role/show/img_role_90@.png,figure/xiaoguang_yuetuban/xiaoguang_yuetuban.skel,,config/portrait/qbanrenwu/img_role_90.png,qbanrole/xiaoguang_yuetuban_q.skel,,personal/img_bjt5.png,2,110,,,小智在神奥地区旅行时遇到的同伴。是一名宝可梦协调训练家，梦想是成为像她妈妈一样的顶尖协调训练家,{1=10},特殊活动投放,,{2296=1},,8,1%,,8,240,,,,<70081>,<1>,,,,与宝可梦的相遇，是由一个个偶然积累出来的,我和你的相遇，说不定也是命运的安排呢！,有机会，你一定要来神奥地区玩喔！我会帮你带路的！,{x=0;y=-10},
91,竹兰（活动限定）,<cn;tw;en_us>,config/portrait/toptouxiang/img_role_91@.png,config/big_role/show/img_role_91@.png,config/big_role/show/img_role_91@.png,figure/zhulanguoqing/zhulanguoqing.skel,,config/portrait/qbanrenwu/img_role_91.png,qbanrole/zhulanguoqing_q.skel,,personal/img_bjt5.png,2,110,,,"竹兰是神奥联盟的冠军,实力惊人，备受尊敬。她被称为冠军联盟大师,也是一名考古学家。",{1=10},特殊活动投放,,{2297=1},,7,1%,,7,240,,,,<70082>,<1>,,,,宝可梦对战不是为了争强好胜，而是为了超越自己,真正的宝可梦训练家，会为了宝可梦而战,留存下来的，是历尽艰辛抵达这里的，旅途的记忆,{x=0;y=-10},
92,婉龙（万圣节）,<cn>,config/portrait/toptouxiang/img_role_92@.png,config/big_role/show/img_role_92@.png,config/big_role/show/img_role_92@.png,figure/wanlongpf/wanlongpf.skel,,config/portrait/qbanrenwu/img_role_92.png,qbanrole/q_wanlongpf.skel,,personal/img_bjt5.png,2,110,,,婉龙是合众地区四天王其中之一，也是一名优秀的小说家。她认为有足够的积累才能写好小说,{1=10},特殊活动投放,,{2298=1},,10,1%,,10,120,,,,<70083>,<1>,,,,感动的时候就会说不出话来。其实......我是写作的，现在的我却没办法用一大堆词汇来表达我现在的心情。你真是太棒了!!,我的宝可梦，还有挑战者的宝可梦虽然都伤痕累累，却还在战斗......谢了,挑战者，如果你击败了合众联盟其余几位四天王的话，你就可以继续挑战冠军了。,{x=-70;y=10},
93,牡丹,<cn>,config/portrait/toptouxiang/img_role_93@.png,config/big_role/show/img_role_93@.png,config/big_role/show/img_role_93@.png,figure/mudan/mudan.skel,,config/portrait/qbanrenwu/img_role_93.png,qbanrole/q_mudan.skel,,personal/img_bjt5.png,2,110,,{x=-120;y=0},牡丹有非常高超的骇客技术，可以轻易骇入手机洛托姆及联盟系统。,{1=10},特殊活动投放,,{2299=1},,1,1%,,,,,,,<70084>,<1>,,,,别问我是谁……你只需要知道，我在帮你清理碍眼的家伙。我们……各取所需,……天星队什么的，最讨厌了。你、你快点打倒他们然后离开啦。,我建立的避风港……最终却成了新的风暴。谢谢你，陪我一起结束这场错误,{x=-100;y=10},
94,玛俐（圣诞限定）,<cn>,config/portrait/toptouxiang/img_role_94@.png,config/big_role/show/img_role_94@.png,config/big_role/show/img_role_94@.png,figure/malishengdan/malishengdan.skel,,config/portrait/qbanrenwu/img_role_94.png,qbanrole/q_malishengdan.skel,,personal/img_bjt5.png,2,110,,,穿上了圣诞装束的玛俐,{1=10},特殊活动投放,,{4100=1},,8,1%,,8,240,,,,<70085>,<1>,,,,喏，给你……别一直盯着我看，只是在买补给品的时候顺便看到的，觉得稍微有点适合你而已。收好了……那个，圣诞快乐。,那群家伙，居然把霓虹灯挂在了我的莫鲁贝可身上……真是的。不过，看在今天是圣诞节的份上，就稍微原谅他们一次吧。,莫鲁贝可吃饱睡着了。现在……稍微安静一点了呢。那个……谢谢你一直以来的关照。明年，我也不会输给你的。,{x=-100;y=10},
95,寇沙,<cn>,config/portrait/toptouxiang/img_role_95@.png,config/big_role/show/img_role_95@.png,config/big_role/show/img_role_95@.png,figure/kousha/kousha.skel,,config/portrait/qbanrenwu/img_role_95.png,qbanrole/kousha_q.skel,,personal/img_bjt5.png,2,110,,,寇沙是深钵镇的道馆馆主，他以“崇尚自然艺术家”的身份活动，将宝可梦对战视为艺术作品，在道馆测验中测试训练家的审美眼光,{1=10},特殊活动投放,,{4101=1},,10,1%,,10,120,,,,<70086>,<1>,,,,新年快乐！,前卫啊！,嘿！,{x=-70;y=10},
96,小菊儿（新春限定）,<cn;kr>,config/portrait/toptouxiang/img_role_96@.png,config/big_role/show/img_role_96@.png,config/big_role/show/img_role_96@.png,figure/xiaojuer_xcxd/xiaojuer_xcxd.skel,,config/portrait/qbanrenwu/img_role_96.png,qbanrole/xiaojuer_xcxdq.skel,,personal/img_bjt5.png,2,110,,,小菊儿是合众地区雷文市雷文道馆的道馆馆主。精通电属性宝可梦，掌管伏特徽章,{1=10},特殊活动投放,,{4102=1},,7,1%,,7,240,,,,<70087>,<1>,,,,我本来是想要让你目眩神迷的，没想到反而被你迷上了,感觉还不够啊……下次能使出全力来吗,你是一个闪着光芒的优秀训练家。但还是敌不过我的宝可梦们的光芒,{x=-100;y=100},
100,联盟大赛主持人,,,config/big_role/show/img_role_11@.png,,,,,,,,2,,,,,{1=199},等级到达10级后可解锁,,{gold=1000},1,1,100,,8,0,,,,,,1,,,1111,2222,3333,,
101,图鉴洛托姆,,,login/new_character/img_tjltm@.png,,,,,,,,2,,,,,{1=199},,,{gold=1000},,,,,,,,,,,,1,,,,,,,
201,阿蜜,,config/portrait/toptouxiang/img_am@.png,config/big_role/show/ami@.png,config/big_role/show/ami@.png,figure/gym/daoguan_ami.skel,,config/portrait/qbanrenwu/img_role_57.png,qbanrole/ami.skel,,,2,,,,,{1=199},,,{gold=1000},,,,,,,,,,,,1,,,,,,,
202,阿速,,config/portrait/toptouxiang/img_as@.png,config/big_role/show/asu@.png,config/big_role/show/asu@.png,figure/gym/daoguan_asu.skel,,,,,,2,,,,,{1=199},,,{gold=1000},,,,,,,,,,,,1,,,,,,,
203,玛绣,,config/portrait/toptouxiang/img_mx@.png,config/big_role/show/maxiu@.png,config/big_role/show/maxiu@.png,figure/gym/daoguan_maxiu.skel,,,qbanrole/maxiu.skel,,,2,,,,,{1=199},,,{gold=1000},,,,,,,,,,,,1,,,,,,,
204,青绿,,config/portrait/toptouxiang/img_ql@.png,config/big_role/show/qinglv@.png,config/big_role/show/qinglv@.png,figure/gym/daoguan_qinglv.skel,,,,,,2,,,,,{1=199},,,{gold=1000},,,,,,,,,,,,1,,,,,,,
205,松叶,,config/portrait/toptouxiang/img_sy@.png,config/big_role/show/songye@.png,config/big_role/show/songye@.png,figure/gym/daoguan_songye.skel,,,qbanrole/songye.skel,,,2,,,,,{1=199},,,{gold=1000},,,,,,,,,,,,1,,,,,,,
206,夏伯,,config/portrait/toptouxiang/img_xb@.png,config/big_role/show/xiabo@.png,config/big_role/show/xiabo@.png,figure/gym/daoguan_xiabo.skel,,config/portrait/qbanrenwu/img_role_57.png,qbanrole/xiabo.skel,,,2,,,,,{1=199},,,{gold=1000},,,,,,,,,,,,1,,,,,,,
207,夏卡,,config/portrait/toptouxiang/img_xk@.png,config/big_role/show/xiaka@.png,config/big_role/show/xiaka@.png,figure/gym/daoguan_xiaka.skel,,,,,,2,,,,,{1=199},,,{gold=1000},,,,,,,,,,,,1,,,,,,,
208,小崧,,config/portrait/toptouxiang/img_xs@.png,config/big_role/show/xiasong@.png,config/big_role/show/xiasong@.png,figure/gym/daoguan_xiaosong.skel,,,qbanrole/q_xiaosong.skel,,,2,,,,,{1=199},,,{gold=1000},,,,,,,,,,,,1,,,,,,,
